site,original,*,A,C,D,E,F,G,H,I,K,L,M,N,P,Q,R,S,T,V,W,Y
331,N,,,,-2.6803,,,,-1.7558,-1.6806,-2.1204,,,0.36343,,,,-1.2666,0.28109,,,-1.4293
332,I,,,,,,-3.6265,,,-0.24881,,-0.9085,-1.7241,-3.2524,,,,-2.8227,-1.722,-1.5102,,
333,T,,-1.833,,,,,,,-2.1101,-0.4849,,,,-2.8544,,-2.0835,-1.2286,-0.21234,,,
334,N,,,,-2.9316,,,,-2.8544,-3.6265,-0.26916,,,-0.80067,,,,-1.833,-0.65718,,,-0.49105
335,L,-3.2524,,,,,-1.349,,,,,-0.60133,-1.643,,,,,-0.87465,,0.31283,-2.8227,
336,C,-4.2461,,-0.77088,,,-4.8301,-2.8227,,,,,,,,,-4.7665,-2.4625,,,-3.1821,-4.0233
337,P,,-3.1821,,,,,,-0.23877,,,-1.7399,,,0.01768,,0.57914,-1.3072,0.38863,,,
338,F,,,-2.8227,,,-0.19176,,,-1.3065,,-0.33634,,,,,,-2.5692,,-1.7241,,-2.1538
339,D,,1.3665,,0.88756,-0.3733,,,0.62165,,,,,-1.2906,,,,,,0.19479,,-1.018
339,G,,-3.0679,-2.015,-0.076315,,,0.095489,,,,,,,,,-3.0679,-0.17785,,-2.3192,,
340,E,-6.4396,2.1495,,1.8728,-0.43485,,-1.1639,,,0.36621,,,,,1.4418,,,,0.57815,,
341,V,,-3.157,,-2.1538,,-4.4937,-0.87676,,-0.64229,,-1.5751,,,,,,,,0.066174,,
342,F,,,-2.8227,,,0.89301,,,-1.643,,-1.0564,,,,,,-3.157,,-1.2132,,-3.2524
343,N,,,,-3.2681,,,,-2.8544,-2.0171,-2.9224,,,0.73157,,,,-3.7789,-2.8544,,,-2.0171
344,A,,-0.74904,,-1.1106,,,-0.98484,,,,,,,-1.3238,,,-0.095706,-0.44534,-2.1593,,
345,T,,-3.7789,,,,,,,-4.5405,,,,-2.3002,-2.8544,,,-0.88672,-0.47415,,,
346,R,-3.6265,,,,,,-0.017693,,-0.19154,1.4648,,,,,,-0.046199,1.8261,3.6514,,,
347,F,,,-2.8227,,,-0.62334,,,-3.2524,,-2.8665,,,,,,-3.157,,-1.2132,,-1.643
348,A,,0.17278,,,-0.8788,,-1.5726,,,,,,,0.19255,,,0.069183,-1.2139,-2.6479,,
349,S,,0.22185,-3.1821,,,-4.5405,,,,,,,,0.029317,,,-0.23541,-3.2524,,,-4.2461
350,V,,-1.9333,,-3.2524,,-6.4396,-2.8227,,-2.1362,,-3.521,,,,,,,,-1.2136,,
351,Y,-3.7299,,-3.2681,-2.8227,,-0.79333,,-1.822,,,,,-2.1538,,,,-2.8544,,,,0.80568
352,A,,0.089567,,-0.69075,,,-0.61711,,,,,,,-3.521,,,-0.95479,-2.5882,-1.1243,,
353,W,-5.2255,,-4.5448,,,,-2.8227,,,,-6.4396,,,,,-3.8597,-1.1231,,,,
354,N,,,,0.57353,,,,1.2231,-2.5279,1.6188,,,0.8225,,,,0.26416,0.28109,,,-0.79333
355,R,,,,,,,-3.2681,,,-4.0233,,-5.341,,,,0.062933,-3.4462,-3.521,,-3.6265,
356,K,-3.6265,,,,-1.3222,,,,,-0.60229,,-0.25925,-1.6785,,0.57958,0.78892,,2.9657,,,
357,R,-3.6265,,,,,,-2.9316,,-2.3287,-0.22555,,,,,,-0.0045259,-1.423,-0.95607,,,
358,I,,,,,,-2.0171,,,-1.7507,,-0.45651,-3.1821,-2.1538,,,,-2.8227,-3.6679,-0.5337,,
359,S,,,-1.6806,,,,-0.36665,,-2.776,,,,-0.83694,,,-0.88737,-1.8695,-2.4224,,,
360,N,,,,-2.3126,,,,-2.8544,-3.6265,-1.8238,,,-1.496,,,,-2.0443,-1.7558,,,-0.58202
361,C,-1.3065,,0.19637,,,-4.8301,-2.8227,,,,,,,,,-3.157,-2.9733,,,-1.7241,-4.5341
362,V,,-3.157,,-2.1538,,-1.0235,-1.7241,,-1.6254,,-0.4765,,,,,,,,-0.15845,,
364,D,,-1.7558,,-0.23387,-2.6313,,-3.2681,-2.4224,,,,,-2.9247,,,,,,-3.6265,,-4.4937
365,Y,-3.7299,,-2.6803,-1.7241,,-1.4293,,-3.6679,,,,,-1.643,,,,-1.7558,,,,0.64963
366,S,,-1.2132,-3.1821,,,-3.8939,,,,,,,,-4.7665,,,-0.020299,-1.3065,,,-1.6812
368,L,,,,,,,,,1.1338,,-1.022,,,-2.5692,-3.2524,-2.8227,,,-3.1821,,
369,Y,-3.7299,,-1.6586,-2.8227,,-1.4293,,-0.75914,,,,,-3.2524,,,,-1.245,,,,1.1279
370,N,,,,-1.9331,,,,-0.65718,-1.6806,0.076775,,,1.257,,,,-0.76663,-0.9085,,,-1.2286
371,F,,,-1.2479,,,-0.25697,,,-1.6734,,1.6155,,,,,,,,-1.2479,,0.72454
371,L,,,,,,,,-0.81001,1.1926,,0.24954,,,,,-0.13132,,,-1.3002,,
371,S,,0.7863,-2.8424,,,-3.1699,,,,,,,,-0.76684,,,-0.16305,0.65799,,,-2.6068
372,A,,0.145,,,-2.0489,,-1.2362,,,,,,,-0.4765,,,-3.3041,-2.1362,-1.3072,,
373,P,,-1.9666,,,,,,,,,-5.8121,,,1.1691,-3.1581,-1.9666,,-3.1581,,,
373,S,-4.04,1.2061,,,,,,,,,-0.61109,,,0.88058,,,0.86397,-0.61498,,,
374,F,,,-2.8227,,,0.15351,,,-0.85452,,-0.4486,,,,,,-1.631,,-1.2132,,-1.643
375,F,,,-1.7756,,,-0.64736,,,-2.4046,,-2.6189,,,,,,,,-1.7756,,0.16036
375,S,,0.86968,-2.8424,,,-1.2588,,,,,,,,-0.53727,,,0.20495,-0.16299,,,-0.66088
376,A,,0.26581,,-2.5411,,,-1.4987,,,,,,,-1.7644,,,-0.8467,,-3.5379,,
376,T,,0.67231,,,,,,,-0.47939,,,,-0.09143,-2.6307,,,0.1754,0.27474,,,
377,F,,,-2.8227,,,0.40968,,,-3.2524,,-0.66928,,,,,,-3.6679,,-2.8227,,-3.2524
378,K,-3.6265,,,,-3.2681,,,,,-1.6624,,-1.0616,-1.6624,,-2.8544,-1.3222,,-1.7558,,,
379,C,-3.2524,,-0.27784,,,-6.4396,-2.8227,,,,,,,,,-4.7665,-4.072,,,-2.8227,-5.6327
380,Y,-3.7299,,-3.7789,-2.8227,,0.03702,,-2.8206,,,,,-3.2524,,,,-2.8544,,,,0.37519
381,G,-6.4396,-3.521,,,-3.6868,,-0.040141,,,,,,,,,-1.6006,,,-4.8301,,
382,V,,-2.8206,,,-2.1538,,-2.8227,,,,-0.35727,-3.6868,,,,,,,0.04751,,
383,S,,-1.7241,-3.1821,,,-4.2303,,,,,,,,-4.7665,,,0.042221,-3.2524,,,-2.6367
384,P,,0.18523,,,,,,-1.0272,,,-0.13267,,,-0.35419,,-0.47401,-0.35499,-1.6812,,,
385,T,,-1.0708,,,,,,,-1.3587,,,,-1.1106,-1.245,,,-1.5406,-0.429,,,
386,K,-3.6265,,,,-4.8775,,,,-3.6265,-0.4116,,,-3.988,,-2.8544,-2.9316,,-2.8544,,,
387,L,-3.7299,,,,,-3.988,,,-3.2524,,-0.70047,,,,,,-3.6679,,-2.8227,,
388,N,,,,-3.7789,,,,-2.8544,-2.0171,-2.6313,,,0.39831,,,,-2.1695,-2.8544,,,-3.6265
389,D,,-0.45651,,1.3799,0.076775,,-0.36665,-1.5751,,,,,-2.1362,,,,,,-2.0171,,-3.7315
390,L,,,,,,-2.0942,,-3.2524,-1.1106,,-2.1486,,,-4.7665,,-2.8227,,,-2.0835,,
391,C,-4.2461,,-1.3144,,,-6.4396,-2.8227,,,,,,,,,-4.7665,-2.4625,,,-2.0835,-4.5341
392,F,,,-2.8227,,,0.093339,,,-3.2524,,-3.1178,,,,,,-1.9333,,-1.7241,,-1.3065
393,T,,-1.5817,,,,,,,-2.8953,,,,-2.3002,-1.7558,,,-1.7077,0.10106,,,
394,N,,,,-1.3222,,,,-0.65718,-0.49105,-3.7299,,,0.77479,,,,-0.32363,0.090033,,,-2.0171
395,V,,-1.722,,-1.3065,,-2.4323,-2.8227,,-2.5882,,-0.38553,,,,,,,,0.35334,,
396,Y,-3.7299,,-2.9316,-1.7241,,-0.40767,,-1.3992,,,,,-2.1538,,,,-1.7558,,,,0.46464
397,A,,0.145,,,-4.2461,,-3.1821,,,,,,,-3.521,,,-3.2207,-3.6868,-2.4275,,
398,D,,-2.8544,,0.061841,-3.7299,,-4.8775,-3.521,,,,,-5.6327,,,,,,-3.6265,,-6.4396
399,S,-4.5318,-1.7241,,,,,,,,,-5.329,,,-4.7665,,,0.22613,-3.2524,,,
400,F,,,-1.7241,,,-0.91633,,,-3.2524,,-2.8665,,,,,,-4.7665,,-2.8227,,-3.2524
401,V,,-3.157,,,-3.2524,,-1.7241,,-1.3152,,-0.52197,,,,,,,,-0.47136,,
402,I,,,,,,-3.6265,,,-1.3474,,0.19012,-2.8227,-2.1538,,,,-1.7241,-2.3686,-0.67281,,
403,R,-3.6265,,,,,,-2.6803,,-2.4693,-1.2633,,,,,,-0.79027,-0.43265,-0.4765,,,
404,G,,-0.95607,-3.2207,-5.6327,,,-1.1319,,,,,,,,,-0.57658,-2.4139,,-3.6064,,
405,D,,-0.2328,,0.93623,-0.7126,,-0.079523,-0.41962,,,,,-0.33048,,,,,,-0.96948,,-0.92993
405,N,,,,,,,,0.40749,-1.8529,-2.0558,,,0.22227,,,,-1.4735,-1.2019,,,-1.8529
406,E,-6.4396,-0.9085,,0.019336,-0.58705,,-3.7789,,,-5.6327,,,,,1.5849,,,,-2.5279,,
407,V,,-2.5692,,-3.2524,,-4.2424,-2.8227,,-1.5897,,-1.5751,,,,,,,,-1.2649,,
408,R,-2.2688,,,,,,-0.87681,,-0.3056,-1.3369,,,,,,0.34298,1.1249,-0.11734,,,
408,S,,,-2.2597,,,,-1.9102,,-3.6259,,,,-1.5316,,,-2.169,-5.6155,-2.1923,,,
409,Q,-6.9384,,,,-0.61711,,,-1.5901,,-2.0489,-1.4293,,,-2.8544,-0.98569,-3.7789,,,,,
410,I,,,,,,-3.6265,,,1.0043,,-0.28946,-3.1821,-3.2524,,,,-1.2132,-2.5692,-0.24278,,
411,A,,0.95972,,-3.1475,,,-1.5726,,,,,,,-3.521,,,-0.45565,-1.4896,-2.1426,,
412,P,,-3.1821,,,,,,,,,-3.8939,,,1.1205,-4.2461,-3.1821,-5.8398,-4.2461,,,
413,G,,-0.15372,,,-1.9692,,0.93637,,,,,,,,,-1.3011,,,-1.8857,-2.0958,
415,T,,-1.1163,,,,,,,-3.5711,,,,0.24254,-0.45651,,,-0.60909,0.077939,,,
416,G,-4.8301,-2.4224,,,-5.6327,,-0.086392,,,,,,,,,-4.6452,,,-4.8301,,
417,K,-3.137,,,,-0.86621,,,,,-1.1612,,-0.73914,0.01444,,-2.4288,-0.35538,,1.6487,,,
417,N,,,,-3.0829,,,,0.74397,1.5811,-1.6734,,,0.93522,,,,-0.68501,3.3728,,,-0.7543
418,I,,,,,,-3.6265,,,-0.40446,,-1.7558,-2.8227,-3.2524,,,,-2.8227,-2.8206,-0.79997,,
419,A,,-0.17338,,-4.2461,,,-3.1821,,,,,,,-3.521,,,-0.60186,-2.1987,-3.2748,,
420,D,,0.6421,,-0.27784,-1.784,,-1.5817,-1.9116,,,,,-0.37004,,,,,,-1.6806,,-3.1437
421,Y,-2.6313,,-2.6803,-2.8227,,-1.0616,,-2.0584,,,,,-2.1538,,,,-2.8544,,,,0.52683
422,N,,,,-4.8775,,,,-2.8544,-3.6265,-3.7299,,,-0.59209,,,,-3.7789,-2.8544,,,-3.6265
423,Y,-3.7299,,-3.7789,-2.8227,,-3.6265,,-4.7665,,,,,-3.2524,,,,-2.8544,,,,0.30243
424,K,-3.6265,,,,-4.8775,,,,-3.6265,-0.6434,,,-1.7908,,-2.8544,-2.3126,,-2.8544,,,
425,L,-3.7299,,,,,-2.8894,,,-2.1538,,-0.4189,,,,,,-4.7665,,-0.62544,,
426,P,,-2.0835,,,,,,,,,-4.9925,,,-0.45412,-4.2461,-3.1821,-2.4957,-2.6367,,,
427,D,,0.57958,,0.168,-1.1649,,-0.28239,1.4277,,,,,-1.2889,,,,,,0.41651,,-0.66815
428,D,,-0.14636,,0.90685,-0.17454,,0.085339,-0.57658,,,,,-5.6327,,,,,,-0.58202,,-2.2055
429,F,,,-2.8227,,,0.1388,,,-1.643,,-3.4543,,,,,,-3.157,,-2.8227,,-3.2524
430,T,,-2.3126,,,,,,,-0.30376,-4.2461,,,,-1.245,,-3.1821,-2.5279,-0.12254,,,
431,G,,-3.521,-5.341,-5.6327,,,-0.49146,,,,,,,,,-3.521,-4.5341,,-6.4396,,
432,C,-4.2461,,1.0723,,,-5.341,-2.8227,,,,,,,,,-3.6679,-4.072,,,-3.1821,-3.6868
433,V,,-3.6679,,-3.2524,,-6.4396,-1.7241,,-0.26209,,-1.9116,,,,,,,,0.077939,,
434,I,,,,,,,,,-1.423,-3.2524,-0.6207,-1.742,,,,-2.8227,,-0.87465,0.70974,,
435,A,,-0.23541,,-3.1475,,,-3.1821,,,,,,,-3.521,,,-1.1769,-2.0218,-4.5405,,
436,W,-5.2255,,-4.5448,,,,-1.7241,,,,-2.8287,,,,,-2.7611,-2.4224,,,,
437,N,,,,-4.8775,,,,-2.8544,-1.6806,-3.7299,,,0.061841,,,,-1.833,-2.8544,,,-3.6265
438,S,,-0.87676,-3.1821,,,-4.5405,,,,,,,,-3.6679,,,-0.17338,-2.1538,,,-4.2461
439,N,,,,-3.2681,,,,-2.8544,-2.0171,-0.020976,,,-0.097849,,,,-2.9316,-2.8544,,,-1.2286
440,K,-1.8529,,,,-3.0829,,,,,-3.8197,,-1.8529,-1.7644,,-1.2019,-0.68501,,-1.2019,,,
440,N,,,,-1.2272,,,,-1.3302,-0.57209,1.652,,,0.56135,,,,-0.60152,0.51565,,,0.71311
441,L,,,,,,-2.1426,,-3.2524,-0.27581,,0.22958,,,-1.4706,,0.61132,,,-1.5726,,
442,D,,-2.8544,,0.66725,-2.1204,,-4.8775,-2.4224,,,,,-4.5341,,,,,,-1.0616,,-3.8746
443,S,,0.47317,-1.5726,,,-3.8029,,,,,,,,-4.7665,,,-0.17338,-2.1538,,,-4.2461
444,K,-2.5279,,,,-1.1163,,,,,-0.083651,,1.7625,0.8534,,0.57958,2.1247,,2.7101,,,
445,V,,1.7917,,-1.0552,,-0.33703,0.12177,,-0.47944,,-0.22518,,,,,,,,-0.18853,,
446,G,,0.90767,-6.3443,0.40489,,,-0.82525,,,,,,,,,0.11372,1.3608,,2.0069,,
447,G,,-2.4224,-4.0417,-2.6883,,,-1.4528,,,,,,,,,-3.521,-1.9192,,-2.0701,,
448,N,,,,-0.6434,,,,-1.7558,-1.6806,-1.1649,,,-0.68894,,,,-0.049192,0.80916,,,-1.6806
449,Y,-2.6313,,-4.8775,1.0275,,-2.0171,,-0.075125,,,,,0.3585,,,,0.99574,,,,0.093339
450,N,,,,1.1362,,,,-2.8544,-0.79333,-0.066326,,,0.18229,,,,-2.3126,-1.245,,,-1.4293
451,Y,-4.5318,,-3.7789,-2.8227,,-3.6265,,-0.87465,,,,,-3.2524,,,,-2.8544,,,,-1.4371
452,L,,,,,,,,,,,-0.53089,2.6229,,-3.9501,2.5625,4.69,,,-2.4462,,
452,Q,-3.3684,,,,-0.185,,,-1.4898,,0.60417,,,,-0.26749,-2.1173,1.3059,,,,,
452,R,,,,,,,-2.5302,,,,,,,-2.8214,0.72638,-0.62843,,,,-1.1364,
453,Y,-3.7299,,-2.6803,-2.8227,,0.88432,,-1.3325,,,,,-3.2524,,,,-1.245,,,,-0.17135
454,R,-3.6265,,,,,,-4.8775,,-4.2424,-4.5341,,,,,,0.16983,-3.988,-3.521,,,
455,L,-3.2524,,,,,0.71496,,,,,-0.72896,-3.2524,,,,,1.295,,-0.62544,0.78825,
456,F,,,-2.8227,,,-0.30057,,,-3.2524,,-0.14374,,,,,,-3.157,,-1.2132,,-1.643
457,R,,,,,,,-3.2681,,,-3.2348,,-3.8746,,,,-0.68569,-2.684,-2.4224,,-2.5279,
458,K,-2.5279,,,,-1.833,,,,,-0.66988,,-0.91849,-1.4472,,0.090033,-1.0274,,0.090033,,,
459,S,,-0.42477,-3.1821,,,-1.5585,,,,,,,,-1.722,,,-0.15845,-3.2524,,,-1.4129
460,N,,,,-1.381,,,,0.75651,0.41651,1.8423,,,0.75898,,,,0.60729,0.99574,,,1.2333
461,L,,,,,,-5.8398,,-3.2524,-0.10297,,-1.3574,,,-4.7665,,-2.8227,,,-1.5726,,
462,K,-3.6265,,,,-2.0443,,,,-0.79333,-0.87017,,,-2.3786,,0.19012,-1.5817,,-0.9085,,,
463,P,,0.82527,,,,,,-2.3002,,,-5.8398,,,-0.10088,,1.1617,-0.57709,1.4341,,,
464,F,,,-2.8227,,,-0.42267,,,-3.2524,,-0.77326,,,,,,-1.3992,,-2.8227,,-1.643
465,E,-6.4396,-0.65718,,-1.8559,-1.5219,,-1.1163,,,-4.5341,,,,,-3.521,,,,-3.6265,,
466,R,-3.6265,,,,,,-4.8775,,-2.1769,-3.2348,,,,,,-0.26757,-1.5901,-1.9116,,,
467,D,,-2.8544,,1.0886,-2.6313,,-4.8775,-3.521,,,,,-5.6327,,,,,,-2.0171,,-6.4396
468,I,,,,,,-0.91849,,,-0.951,,-0.28946,-0.25772,-3.2524,,,,-1.7241,-0.53237,0.11293,,
469,S,-3.4332,-0.25772,,,,,,,,,-3.6426,,,-3.6679,,,-0.22586,-2.1538,,,
470,T,,-1.6586,,,,,,,-0.61225,,,,0.67388,-1.7558,,,-1.1612,-0.10088,,,
471,E,-6.4396,0.36447,,0.055054,-0.73437,,-1.0708,,,-3.0678,,,,,2.2566,,,,-0.13003,,
472,I,,,,,,-0.58202,,,-0.30969,,0.6421,-3.1821,-1.643,,,,-1.7241,-0.42267,-0.38887,,
473,Y,-3.7299,,-4.8775,-2.8227,,-0.015624,,-1.1556,,,,,-2.1538,,,,-2.8544,,,,1.0886
474,Q,-5.329,,,,0.11377,,,-0.79694,,-1.0272,-2.5279,,,-1.245,-0.20778,-1.0274,,,,,
475,A,,0.72682,,-1.8482,,,-3.1821,,,,,,,-1.5751,,,-0.85234,-1.1901,-0.8225,,
476,G,,0.19255,-4.8301,-1.6254,,,-1.0207,,,,,,,,,-2.4224,1.0729,,-2.9431,,
477,N,,,,-0.021327,,,,-0.67035,-0.56735,0.81445,,,0.3169,,,,,-1.769,,,-2.5133
477,S,,,-3.137,,,,0.93059,,0.75244,,,,0.90019,,,0.83621,0.50997,0.78222,,,
478,K,-3.3381,,,,-0.058551,,,,0.5937,-0.82995,,,-0.41011,,0.44017,0.88531,,,,,
478,T,,-1.1335,,,,,,,-0.61037,2.6581,,,,-1.305,,0.63694,-1.9761,-0.71452,,,
479,P,,-2.0835,,,,,,-0.13523,,,-0.38874,,,-0.3909,,0.6246,-0.10214,-1.2016,,,
480,C,-2.1538,,-0.47601,,,-6.4396,-2.8227,,,,,,,,,-4.7665,-2.126,,,-2.8227,-4.5341
481,N,,,,-0.58705,,,,-0.9085,-0.49105,0.9975,,,0.32728,,,,-0.11533,-0.14636,,,-0.40767
482,G,,-1.9116,-5.341,-1.0788,,,-0.55286,,,,,,,,,0.24018,-0.90534,,-1.6113,,
483,V,,0.32728,,-3.2524,,0.53489,0.010545,,-0.78854,,1.2912,,,,,,,,0.089567,,
484,A,,0.38059,,,,,-0.020666,,,,,,,1.8516,,,0.42758,0.044357,0.74888,,
484,E,-5.0273,2.8544,,1.6905,-0.25184,,0.61402,,,1.6839,,,,,3.7959,,,,1.7682,,
485,G,,0.28564,-5.341,-1.8261,,,-0.48901,,,,,,,,,0.28564,-1.1001,,-1.2748,,
486,F,,,-2.7179,,,-0.046164,,,-0.40804,,-0.82636,,,,,,-0.10868,,1.3596,,-1.5067
486,V,,1.4679,,-0.38052,,,-0.20864,,-1.8354,,-0.35924,,,,,,,,-0.20711,,
487,N,,,,-1.5102,,,,-1.7558,-3.6265,-1.332,,,0.168,,,,-2.9316,-0.45651,,,-3.6265
488,C,-3.2524,,0.093339,,,-4.8301,-2.8227,,,,,,,,,-3.6679,-2.9733,,,-2.8227,-4.5341
489,Y,-4.5318,,-4.8775,-2.8227,,-2.0171,,0.029317,,,,,-3.2524,,,,-1.7558,,,,0.91754
490,F,,,-2.8227,,,0.50653,,,0.30293,,1.3215,,,,,,1.8169,,1.8313,,0.46116
491,P,,-3.1821,,,,,,-3.1475,,,-5.8398,,,0.15663,,-3.1821,-1.5493,-2.6367,,,
492,L,-3.7299,,,,,-2.3786,,,-1.643,,0.096822,,,,,,-3.6679,,-2.8227,,
493,Q,-6.5737,,,,1.1126,,,0.90454,,0.51333,1.5721,,,0.16901,-0.48469,0.65965,,,,,
493,R,-5.7561,,,,,,-0.33901,,,,1.7746,,,-2.2795,,0.37086,,,,,
494,S,-3.4332,0.84089,,,,,,,,,0.061939,,,2.8449,,,0.42916,-0.033541,,,
495,Y,-2.6313,,-4.8775,-2.8227,,-2.5279,,-1.722,,,,,-3.2524,,,,-2.8544,,,,0.27695
496,G,,-1.7733,-3.9464,-3.2587,,,-0.72517,,,,,,,,,-1.7733,0.37598,,-2.374,,
496,S,,,-1.9412,,,,,,-1.8619,,,,1.0249,,,-2.4598,0.17848,0.88483,,,
497,F,,,-1.7241,,,-0.94443,,,-3.2524,,-5.3444,,,,,,-4.7665,,-2.8227,,-2.1538
498,Q,-6.3887,,,,-2.8424,,,-1.8985,,-1.3075,-1.5276,,,-2.4288,-0.99542,-0.10004,,,,,
498,R,-5.8121,,,,,,-1.9666,,,,-3.2153,,,-2.3228,,-0.15565,,,,,
499,P,,-3.1821,,,,,,0.097706,,,-1.6654,,,-0.86894,,0.99232,-1.7736,-0.53253,,,
500,T,,-1.3222,,,,,,,-4.5405,,,,-1.8482,-1.7558,,,0.36031,-0.073292,,,
501,N,,,,-4.2315,,,,0.075625,1.1951,-2.9485,,,0.50546,,,,0.34319,2.1886,,,3.0565
501,Y,-2.9614,,-3.9422,-0.88797,,-0.7689,,-1.4766,,,,,,,,,-1.9475,,,,0.63634
502,G,,-2.4224,-4.8301,-4.0233,,,-0.4686,,,,,,,,,-3.521,-3.2348,,-5.341,,
503,V,,-0.91633,,-1.643,,-0.94653,-0.25772,,-0.94138,,-1.3238,,,,,,,,0.10106,,
504,G,,-3.521,-6.4396,-1.2383,,,-0.0074784,,,,,,,,,-3.521,-1.1901,,-2.9431,,
505,H,,,,-1.9666,,,,-0.098415,,,-2.5133,,-3.1581,-1.769,-3.3902,-3.7349,,,,,
505,Y,-4.04,,-4.3627,-2.3492,,-1.1911,,-0.19349,,,,,-2.5609,,,,-0.81936,,,,-1.0954
506,Q,-6.9384,,,,-3.1821,,,-2.0421,,-2.0489,-2.0171,,,-2.8544,-0.90721,-3.2681,,,,,
507,P,,-1.2362,,,,,,,,,-5.8398,,,0.26851,-4.2461,-3.1821,-1.8324,-4.2461,,,
508,Y,-3.4332,,-3.2681,-1.7241,,-2.5279,,0.79805,,,,,-1.643,,,,-2.8544,,,,1.0914
509,R,-3.6265,,,,,,-4.8775,,-5.341,-4.0233,,,,,,-0.65115,-2.8894,-1.9116,,,
510,V,,-2.8206,,,-3.2524,,-1.7241,,-2.2654,,-2.3163,,,,,,,,-0.32594,,
511,V,,-4.7665,,,-3.2524,,-2.8227,,-2.0774,,-2.5989,,,,,,,,-0.4889,,
512,V,,-2.3686,,,-2.1538,,-2.8227,,-1.8715,,-4.8812,,,,,,,,-0.34109,,
513,L,,,,,,-1.3437,,-3.2524,-1.2016,,-0.12925,,,-2.3686,,-2.8227,,,-0.61711,,
514,S,,-0.25772,-2.0835,,,-0.51353,,,,,,,,-4.7665,,,0.32535,-1.643,,,-1.0272
515,F,,,-2.8227,,,-0.056943,,,-3.2524,,-1.5084,,,,,,-1.631,,-2.8227,,-2.1538
516,E,-5.341,-0.65718,,-2.3786,-0.70312,,-1.9331,,,-2.3369,,,,,2.3623,,,,-1.0616,,
517,L,,,,,,-0.8539,,-0.85452,-0.10297,,0.01768,,,-2.2015,,-1.7241,,,1.3718,,
518,L,,,,,,,,,-0.81211,,0.37053,,,-1.1556,-0.033541,-1.2132,,,0.31444,,
519,H,,,,-0.61711,,,,0.6407,,,1.5382,,-1.8482,-0.14636,0.31316,-1.833,,,,,-2.3037
520,A,,-0.22586,,,-1.3017,,-1.2362,,,,,,,-0.68781,,,0.47911,-2.0218,-1.9344,,
521,P,,-0.98484,,,,,,,,,-2.0331,,,0.10672,-0.27581,0.37329,-1.2859,-0.39595,,,
522,A,,-0.017793,,,-0.69075,,-1.5726,,,,,,,2.3734,,,0.27094,-1.3152,0.35937,,
523,T,,0.1914,,,,,,,-2.3433,,,,-0.39595,-2.8544,,,-1.7077,-0.14374,,,
524,V,,-2.8206,,-3.2524,,-4.4937,-0.62544,,-2.9247,,-3.521,,,,,,,,-0.82962,,
525,C,-3.2524,,0.38682,,,-4.0417,-2.8227,,,,,,,,,-3.6679,-4.072,,,-2.8227,-5.6327
526,G,-6.4396,-3.521,,,-5.6327,,-1.1054,,,,,,,,,-4.6452,,,-6.4396,,
527,P,,-3.1821,,,,,,-4.2461,,,-5.329,,,-0.59782,,-3.1821,-3.5044,-2.6367,,,
528,K,-3.6265,,,,-2.4796,,,,-0.6821,-0.73437,,,-2.8894,,-0.9085,-0.98569,,-0.45651,,,
529,K,-3.6265,,,,-1.742,,,,,-0.88779,,-0.6821,-1.349,,-0.65718,-0.6434,,0.19012,,,
530,S,,-2.8227,-2.0835,,,-4.7412,,,,,,,,-2.8206,,,-0.18853,-2.1538,,,-3.1475
531,T,,-4.8775,,,,,,,-5.8398,,,,-2.3002,-2.8544,,,-3.007,-0.4486,,,
