"", "0", "1", "2", "3", "4", "5", "6", "7", "8", "9", "10", "11", "12", "13", "14", "15", "16", "17", "18", "19", "20", "21", "22", "23", "24", "25", "26", "27", "28", "29", "30", "31", "32", "33", "34", "35", "36", "37", "38", "39", "40", "41", "42", "43", "44", "45", "46", "47", "48", "49", "50"
"0", "*", "2.3061478650944784", "1.907631883789509", "1.6945839094832937", "1.6541443808012142", "2.2719295420678276", "1.4269508416703935", "2.2572844265929697", "2.3060822444674938", "2.0531579920254885", "1.1728486935620772", "2.3053287849620756", "7.999566785007362", "0.9496914244296417", "0.9057615067856393", "0.15677649834712293", "0.9068792535213688", "*", "0.5698690923644185", "0.8587708069893698", "0.9352450107327486", "0.8665510186758163", "0.9214712671018233", "0.6181356154299893", "1.1493124275127724", "0.8633779585388051", "1.0799818994291854", "1.0417244478337544", "1.1452491954611634", "1.1492401752504708", "1.0358954847497963", "0.8426907823453509", "1.0395179215751553", "1.126527381974785", "1.0966779514709195", "3.9436219889557678", "5.012975613941354", "6.3811649613479435", "0.62927824654719", "3.7643692251798018", "3.502687416134193", "5.613818907410385", "3.2227401025281917", "3.281114007764639", "6.221816344297695", "3.596214049731292", "0.8869116671836736", "4.2257664673422966", "8.214116740353058", "1.0360737626709406", "4.260549646811903"
"1", "1.9802475950326959", "*", "3.632462648127199", "2.9018709887743523", "2.7878038598185912", "7.360958121776978", "2.232900985151018", "6.839614092463455", "16.40447225356947", "4.363519458931524", "1.7249305521027511", "12.762312187299017", "2.008399976021178", "1.3381885670045164", "1.2667957807892103", "0.19937296253700287", "1.2685956210445721", "*", "0.7588364473000282", "1.1918810479306008", "1.314560398126404", "1.2041852508091742", "1.2921709412456592", "0.8283079308504977", "1.6819669014817662", "1.1991624778201615", "1.5586128563877977", "1.492440423549327", "1.6746077804013928", "1.6818358948329988", "1.482469117730734", "1.1665719765687097", "1.4886624642124207", "1.640914274958758", "1.5879010163908327", "2.5396540657397337", "2.2200972672103982", "2.0684918717995395", "0.844493183136831", "2.6330163240368614", "2.8073008104702173", "2.1338435375783393", "3.0687749803199167", "3.005723525761422", "2.079158315838266", "2.7388522297843827", "1.2365699359445403", "2.4231059060753526", "2.0044768722968436", "1.4827736647700283", "2.410810487932642"
"2", "1.4604423717492128", "3.5111734061486852", "*", "4.1121238579520725", "3.840623158037903", "3.624337086379724", "2.7990494668186225", "3.676511922927214", "3.5113796816208986", "4.842010301020755", "2.050867084920951", "3.513750936993197", "1.4817493802617867", "1.5458245495982168", "1.4567040394460093", "0.21824808556267783", "1.4589375036430456", "*", "0.8491844477183381", "1.3643209747690244", "1.5162074700424868", "1.379418107954248", "1.4882551827237767", "0.9299451685077837", "1.992601394655129", "1.3732516844482046", "1.8285613422379243", "1.7423800006658658", "1.9826825227162375", "1.9924246653966216", "1.7294956064655804", "1.3333579253330763", "1.7374952588011632", "1.937490779682912", "1.8670961041426914", "1.863679958245942", "1.6386471560717548", "1.5268884953451276", "0.9488527487037168", "1.9265799990897272", "2.0403847126562407", "1.5754416789335228", "2.201972526549111", "2.16403445414448", "1.5348516665291512", "1.9962585570678226", "1.41929531702077", "1.7833204050988987", "1.4787862658932434", "1.7298887415452548", "1.7747259548963643"
"3", "1.161458962259982", "2.694646311612823", "4.026188422769057", "*", "6.298048347130496", "2.7617769136011177", "3.4560124255996154", "2.792003277404633", "2.694770621378872", "3.3454577636334664", "2.3601148924592223", "2.6961991264377785", "1.1798220861872286", "1.7266853066231835", "1.6201152452772218", "0.23278246234262134", "1.6227704821993303", "*", "0.9219578049603525", "1.510946752567464", "1.691125608301311", "1.528700971033861", "1.6576972575914546", "1.0124103159363775", "2.2839662174806374", "1.5214453091215372", "2.074306958700718", "1.9666623014932068", "2.271095696527783", "2.2837366664750034", "1.9507040459826204", "1.474635311421327", "1.9606081909959157", "2.2127830762737677", "2.1229718413950254", "1.5021998734799764", "1.3138555236047544", "1.2185996159355739", "1.0336762134327073", "1.5539651907218506", "1.6465864643180703", "1.2601169214119246", "1.7756860320415928", "1.745638302481301", "1.2254226814137206", "1.610835597724014", "1.5757561561807867", "1.4354941841071378", "1.1772706167848148", "1.9511904703893714", "1.4283229231930221"
"4", "1.102567263861852", "2.5621270129410116", "3.736235553138837", "6.2795961774144455", "*", "2.6240431582152755", "3.6542527069894972", "2.6518476695500586", "2.5622418722500497", "3.151735285235578", "2.4390064007360084", "2.563561723411962", "1.1204196528655967", "1.7702278804093337", "1.6591542129133239", "0.23603784166823472", "1.661917500547022", "*", "0.9386691200383934", "1.545717613869312", "1.7331267313760645", "1.5641433202459454", "1.6982850077394436", "1.0314266465717856", "2.357689512852924", "1.556612202993811", "2.135212937556678", "2.021714639760885", "2.343973865627134", "2.3574448181882226", "2.004927085935192", "1.5080592355494216", "2.0153447803675015", "2.281931207166196", "2.1866793742919284", "1.4327233251160032", "1.2505276757922443", "1.1580976770705602", "1.0532563334461793", "1.4826583351000893", "1.571842552668755", "1.1984055367804887", "1.6957833126999415", "1.6669761449864882", "1.1647242922574308", "1.537443587594446", "1.6130202633190147", "1.3682846195172789", "1.1179395262776262", "2.0054386459120095", "1.3613510975171326"
"5", "1.9372262932441444", "7.352155143015078", "3.736823349596337", "2.960198612000746", "2.8409170263309544", "*", "2.2659542531608903", "8.55210053509597", "7.354891781052273", "4.54772783491519", "1.74543412991878", "7.3867008608264095", "1.9647124765885282", "1.3517471249438873", "1.2792666955461631", "0.20068213909280352", "1.281093289716099", "*", "0.7649608191222854", "1.2032678973082502", "1.3277529227365643", "1.2157462541966302", "1.305022193723493", "0.8351727145764887", "1.701602061667291", "1.2106522067538523", "1.5758963320367272", "1.5085442564661258", "1.6940968202051723", "1.7014684471406074", "1.4983999196682523", "1.1776053013201486", "1.5047005954128947", "1.6597439280895987", "1.6057244524993468", "2.480703780066639", "2.170972659092344", "2.023339196896992", "0.8515357036942794", "2.5707748624234927", "2.73833880543818", "2.087028420644325", "2.9881522541237366", "2.9280999278862767", "2.0337392910120196", "2.6726230810831666", "1.2485965791603544", "2.367985672079449", "1.9608829719666252", "1.498709733486661", "2.3560771262825986"
"6", "0.7559800052779475", "1.8878304188203545", "2.5752681424664727", "3.318166536430481", "3.5348589875364134", "1.9296866655921274", "*", "1.9482926831264642", "1.8879086028893992", "2.261830479973727", "3.1323505151895485", "1.888806875304037", "0.771217425038162", "2.106698643601871", "1.9564355356437737", "0.2583348330924786", "1.9601252876232804", "*", "1.0575470670560625", "1.8069246856754333", "2.056050116011475", "1.830959377982241", "2.008910016828743", "1.167612424600165", "2.992422512223774", "1.821124408320693", "2.6349082199533997", "2.4640713248310036", "2.9693644973040314", "2.9920098316956194", "2.4393600222719645", "1.758088356345854", "2.454678889564171", "2.8668595639239367", "2.714730489840549", "1.0330693478683632", "0.8814143559945466", "0.8032851264170677", "1.1937115186266816", "1.0740613767094946", "1.146630469841", "0.837451684223125", "1.246059183591087", "1.2231006503516069", "0.8089120791110855", "1.1187392242585426", "1.895177674794585", "0.9798005696372232", "0.7691022342968266", "2.4401110414622496", "0.9740444874122391"
"7", "1.9187324702230666", "6.826962406155335", "3.785149478597607", "2.9865762682580415", "2.8648728301195177", "8.54825182754975", "2.280711563149007", "*", "6.828868534754829", "4.636697489105364", "1.7545306824285496", "6.850943515754139", "1.9459384125341423", "1.357741539631533", "1.284777244434086", "0.20125740793158275", "1.2866157344434725", "*", "0.7676584258339836", "1.2082966961717556", "1.3335844393189307", "1.2208524104696834", "1.3107018856182173", "0.8381975706108209", "1.71030953420783", "1.2157267020216214", "1.5835518723267152", "1.515673064343357", "1.7027388592805601", "1.7101747517757846", "1.5054515183719506", "1.1824771096680342", "1.5118000845627302", "1.6680908096980738", "1.6136213031262883", "2.4555593328532024", "2.149918290683608", "2.003949442091663", "0.8546391524042734", "2.544269206035254", "2.709067161069901", "2.0669411547833403", "2.954124267613723", "2.895290104802499", "2.0142377069523394", "2.6444740104087168", "1.2539096340777296", "2.344430848919203", "1.9421482699771793", "1.5057636821133165", "2.3326832029447355"
"8", "1.9801653426219095", "16.40445562178567", "3.6326522918156106", "2.9019786667565994", "2.7879020873438276", "7.363678128030372", "2.232962537436261", "6.841503589279148", "*", "4.363845230578265", "1.7249688997750838", "12.882737372514383", "2.008316430560916", "1.338213986339556", "1.2668191698159088", "0.19937542737046243", "1.2686190600312521", "*", "0.7588479586915362", "1.1919024118068346", "1.3145851343559634", "1.2042069401262006", "1.2921950404241853", "0.8283208306210015", "1.6820036359679533", "1.1991840339516857", "1.5586452174787322", "1.4924705881936324", "1.6746442433568034", "1.6818726244732916", "1.4824989600476348", "1.1665926796945074", "1.4886925064701018", "1.64094951225576", "1.5879343822682013", "2.539540732319194", "2.2200031463411913", "2.0684054804245418", "0.8445064160836613", "2.632896525991795", "2.8071677659343286", "2.1337539136284174", "3.0686188053473233", "3.0055733177537145", "2.0790714068028993", "2.738724579261008", "1.2365924952080039", "2.423000077247472", "2.004393508542783", "1.4828035168986156", "2.410705416036271"
"9", "1.6554132951537346", "4.291675032121552", "4.891455116189297", "3.480838013985024", "3.3055677053031864", "4.48468638686712", "2.5350566194944193", "4.577504748603514", "4.292017435552095", "*", "1.9056303683184206", "4.295955883727011", "1.6790002830567854", "1.4554065549163515", "1.374293300734435", "0.21033132983483682", "1.3763315492869377", "*", "0.8107434240137867", "1.2897475893778174", "1.4285005804858462", "1.303595157943637", "1.4030610002417987", "0.8866034446717492", "1.8545913277756068", "1.2979405684103225", "1.7095693084210826", "1.632636107077313", "1.8458773931545247", "1.8544361311929727", "1.6210923945025293", "1.2613100536432884", "1.6282609084220914", "1.8060841969510637", "1.7438069685511515", "2.1088922588243157", "1.85389117614689", "1.7290946442576738", "0.9043260037857936", "2.181166365788588", "2.31317905409262", "1.7831738460739022", "2.5036845731497417", "2.4586095564137356", "1.7379499987641687", "2.2617945137370246", "1.3401135867983482", "2.0172175836079482", "1.6757178611498853", "1.6214447805252243", "2.007454932354806"
"10", "0.3271864821777162", "1.2051686107801727", "1.6523943855768861", "2.047577628298173", "2.1449213062910095", "1.2344751673581023", "2.9576591401976335", "1.2474204274140916", "1.205223590236307", "1.4577128538058135", "*", "1.2058551967595674", "0.3399522707485114", "2.9068035440139584", "2.6249669269435723", "0.2952191714529815", "2.6315932752218787", "*", "1.273796467386953", "2.3668717840463085", "2.8088917800015567", "2.4070891364251015", "2.720512579452123", "1.4199066794242459", "6.253139453299282", "2.3905776465950064", "4.237963746263137", "3.7208878176648392", "6.021345264505641", "6.248681188747522", "3.6551796177471587", "2.286498985021047", "3.695692393225669", "5.264910316636916", "4.532319158746573", "0.5557670495850813", "0.4316113306246514", "0.3667464452125544", "1.4551053029730037", "0.5889128515443156", "0.6471436790778315", "0.3951857128118963", "0.7259696939056757", "0.7078687252617479", "0.3714379120400486", "0.6248317585502261", "2.516854439779901", "0.512427872102684", "0.338181489218234", "3.6571494078919535", "0.5077269825220343"
"11", "1.9792208481278557", "12.76210452052658", "3.6348325121992735", "2.9032161368268703", "2.789030903517104", "7.395296172815873", "2.233669774862263", "6.863387535289822", "12.882546337525746", "4.367592643764545", "1.7254094713097086", "*", "2.0073570935013167", "1.3385060095073245", "1.2670878659731692", "0.19940374113113135", "1.2688883301934495", "*", "0.758980196244528", "1.1921478406228823", "1.3148693090106218", "1.2044561079662799", "1.29247189574828", "0.8284690181215866", "1.682425670864828", "1.1994316716080315", "1.559017000305864", "1.4928171336836815", "1.6750631582004782", "1.6822946036878363", "1.4828418020119272", "1.1668305171106175", "1.4890376457427443", "1.6413543436327593", "1.5883177103270762", "2.5382395132662428", "2.21892242325033", "2.0674134764634013", "0.8446584312023249", "2.6315211228636075", "2.8056403671368217", "2.1327248054527406", "3.066826040164571", "3.0038490041289005", "2.0780734609510425", "2.7372590714745098", "1.2368516580073527", "2.4217849815093304", "2.003436257229538", "1.4831464715985456", "2.40949900721591"
"12", "7.993918522727798", "2.3286519838033968", "1.9232906300225192", "1.7072987711309766", "1.6663485075253952", "2.2937674631326477", "1.4365399991510444", "2.2788421066244817", "2.3285850701269366", "2.0710967176489756", "1.1799662198533087", "2.327816768055973", "*", "0.9549725184233475", "0.9107136115713677", "0.15742629936473973", "0.9118396045430299", "*", "0.5726130182463258", "0.8633819938417235", "0.9404168004577982", "0.8712178812656006", "0.926539864034472", "0.6211659186475442", "1.156222479384037", "0.8680220779673116", "1.0863002665961723", "1.0477283858365922", "1.1521237738976176", "1.156149595453745", "1.041852249527746", "0.847187853309074", "1.0455039797741805", "1.133239808079649", "1.1031361968200044", "4.027429496792242", "5.201898190780101", "6.944045768398015", "0.632376042408453", "3.8374339988393578", "3.5623941410035567", "5.914575359300743", "3.2707024361775074", "3.331333408573969", "6.713608920052181", "3.660405559284696", "0.8917256713474293", "4.329647148942656", "10.84924516519987", "1.0420319673880138", "4.367209900172646"
"13", "*", "0.7143974126366572", "1.0433226372088713", "1.3101188294168535", "1.3721135729190541", "0.7367589493379287", "1.8279780555646754", "0.7466020715717945", "0.7144394637554985", "0.9034598273584638", "2.8027743309686777", "0.7149225219119026", "0.01092935627326952", "*", "5.015398073637193", "0.44895843629319776", "5.05314254875726", "0.10243505744137904", "1.7312944362710576", "3.9423160328192886", "6.634681938380287", "4.075302940704964", "5.66176345284629", "1.95249134631512", "2.952090760302342", "4.019665017398982", "3.5336178456056517", "4.016242833589983", "2.979774159125201", "2.952577740812025", "4.107754155851305", "3.699244043984443", "4.050161706806964", "3.115797759135453", "3.3678798853308622", "0.19351422834081422", "0.08898754651661189", "0.03382354222264361", "2.007590542858064", "0.2211755471403838", "0.2695135908104138", "0.05805520184512325", "0.33441116516777125", "0.3195642038705171", "0.03782576347373334", "0.251031432791597", "4.490819406364835", "0.1571890146575825", "0.009414143562749278", "4.104861861233669", "0.15323833890544059"
"14", "*", "0.6869345440653536", "0.9981320447006663", "1.2474786857148943", "1.3049698230670468", "0.708208437584207", "1.7216448652505805", "0.7175676940183497", "0.6869745648758538", "0.8662764908205496", "2.564867631542294", "0.6874342960217499", "0.010600367065292104", "5.0593279912811955", "*", "0.5550996603769649", "10.334516162255674", "0.19506563694364365", "1.9314920395992359", "4.9166881873653345", "5.627431218336545", "5.18173331399918", "6.528809145518794", "2.1802994664700415", "2.6865337540637095", "5.067874536248308", "3.1360146465153167", "3.474928608897962", "2.7088307403532954", "2.686926699798953", "3.5352746935391797", "4.48400181127489", "3.497447923275621", "2.817152898480114", "3.0121587774232856", "0.18731664216080857", "0.08623731953615055", "0.032797521669649665", "2.2430536181087475", "0.21402455489070027", "0.2606535828542995", "0.056279656111234644", "0.32316812742006196", "0.30887548803993514", "0.036676787218380635", "0.2428314009271424", "6.2486351337011055", "0.1522169333682184", "0.009130908873801857", "3.5333874144496344", "0.1483977525611233"
"15", "*", "0.3684967342516625", "0.5086610992558511", "0.6091309112188101", "0.630838460260474", "0.3786088895693638", "0.7725291711378017", "0.3830328659543629", "0.3685158308689238", "0.45129952835946785", "0.9841048844902196", "0.3687351796182283", "0.006298063297180523", "1.2418733623757165", "1.3040846688154812", "*", "1.3024439662467047", "3.1228871150882833", "2.0058504970703384", "1.3760277575465132", "1.2618299610969692", "1.3637004446133338", "1.2813087362070692", "1.8693416766035407", "1.007502888613614", "1.3687072496820494", "1.08111333541718", "1.1250285735913201", "1.0116201497456725", "1.007575898020057", "1.1319433920720088", "1.4020608649440596", "1.127638964635079", "1.0308969599452764", "1.0627113150227285", "0.1085049954087336", "0.050689752346408934", "0.01942528606747551", "1.8401834875892726", "0.12349108289103539", "0.14936277962066757", "0.033222474053944406", "0.18346317058531803", "0.17572607321080014", "0.021710976129721615", "0.13951825555888941", "1.332234753169177", "0.08862528730891706", "0.005426126299372225", "1.1317309959961834", "0.08644954368248259"
"16", "*", "0.6876166375849859", "0.9992477621619731", "1.2490161759012732", "1.3066153639650153", "0.7089172850184133", "1.7242168704943577", "0.7182884372920069", "0.6876567083554677", "0.8671969926373229", "2.570376233084871", "0.6881170135063006", "0.010608613301224867", "5.095954719665533", "10.333398415519945", "0.5523412110724588", "*", "0.1926693825240462", "1.9261185878315645", "4.882211282764327", "5.6826318265427975", "5.140621213488494", "6.63473344264688", "2.174126388727606", "2.6926268715649773", "5.029758913124512", "3.144752708390582", "3.4862878441169443", "2.7150364536160616", "2.693021786503711", "3.5471693044673414", "4.458095134540463", "3.5090043068121473", "2.8239312154251524", "3.020083470757986", "0.1874716793171869", "0.08630619862620037", "0.032823233197732726", "2.23665620241382", "0.21420338461902322", "0.2608750232965362", "0.05632413907546585", "0.3234489015965565", "0.30914246899142883", "0.03670557875478009", "0.24303639208611294", "6.16496730277572", "0.15234136510741658", "0.009138008365578543", "3.545264937386923", "0.14851889887615188"
"17", "*", "0.32590027006178257", "0.4471895120402962", "0.5331249472233117", "0.5515771169393622", "0.3347032488236832", "0.670970836392446", "0.3385519563699031", "0.3259169018455843", "0.39774469687175396", "0.845662211384361", "0.3261079368342199", "0.0056482622795637205", "1.0521264818710208", "1.100827143729283", "3.2796636134354062", "1.099548636045415", "*", "1.615631460338153", "1.1565697940470665", "1.0677986488238123", "1.1470629663416387", "1.0830505166571291", "1.5208204771451195", "0.8647016688430216", "1.1509264570995694", "0.9242202888535949", "0.9594484309817637", "0.8680460074855332", "0.864760987987375", "0.9649759864834428", "1.176585218728583", "0.9615357452554396", "0.883680127641461", "0.9093957543691942", "0.09694744367494446", "0.045387058258897994", "0.01741288543248931", "1.5002169257483708", "0.11027545977471709", "0.13324842805996973", "0.029765910427288933", "0.16345701616994113", "0.15661009576379792", "0.01946018429917995", "0.12451235192801358", "1.1227127451982475", "0.07924371952262144", "0.004866438937664697", "0.9648062808386135", "0.07730450985129345"
"18", "*", "0.5148676249973922", "0.7265048673942158", "0.8852136598192457", "0.9203771446133371", "0.5297949755815501", "1.15864881108409", "0.5363412898394682", "0.514895768172702", "0.6386190285211222", "1.5495895864068956", "0.5152190407143293", "0.008392188161471026", "2.111116768336281", "2.2673844540204566", "1.5927579030530428", "2.263128748988515", "1.0457623679737345", "*", "2.4621568232361293", "2.1601473169896277", "2.4275771628411134", "2.208982923151445", "4.925665637409072", "1.5960645808774858", "2.441557638236387", "1.7474270575574522", "1.8418528792185684", "1.6043203751853632", "1.5962107709285505", "1.857029026429779", "2.5369979353724954", "1.8475717739361057", "1.643293351463659", "1.7088128672655047", "0.14635803896427424", "0.06789620830548149", "0.025923654504375726", "4.631539957994527", "0.1668823364424621", "0.20250303244757273", "0.04440800607326567", "0.24982802664862236", "0.23905218326190125", "0.028981693505102157", "0.18892047952384816", "2.3416373177734773", "0.11925190817041953", "0.007229602372567534", "1.8565615778065645", "0.1162934688166124"
"19", "*", "0.6590105110030136", "0.9527396798199508", "1.185300892801406", "1.2385239238193044", "0.6792003391425636", "1.6191247150785095", "0.6880778455522889", "0.6590485066630491", "0.8287214792602016", "2.3537631884412997", "0.6594849704677324", "0.010259449131917453", "4.0332366502595605", "4.9636788871616035", "0.6740334489042663", "4.930319729296326", "0.2977989870576967", "2.173255108611178", "*", "4.275717582523063", "7.53862960618087", "4.555383222847602", "2.461857245017825", "2.454783270446505", "8.292978565060725", "2.8144632813814017", "3.0697265813828576", "2.473137861525048", "2.455107171775965", "3.1135855998771973", "6.4793054651193644", "3.0861519993518822", "2.561580755481354", "2.717615146419816", "0.18092082436395795", "0.0833922336470505", "0.03173482161581154", "2.535980044437295", "0.20664977675797047", "0.2515272588313975", "0.054441607523324276", "0.3116064677021195", "0.2978795916170207", "0.035486839073903376", "0.23438097912538947", "5.694003692933744", "0.14708139611062743", "0.008837394983112201", "3.1122215563737834", "0.14339757069305392"
"20", "*", "0.705215657455438", "1.0281519713500344", "1.2890055447918742", "1.3494588375826782", "0.7272111608274989", "1.7917759416711725", "0.7368913849560852", "0.7052570254687991", "0.8910002666248515", "2.719308980653169", "0.7057322351120932", "0.010820052004613334", "6.64912835207718", "5.597947714389435", "0.48336144871134357", "5.654266069331418", "0.13255363809106369", "1.7947713986212976", "4.199243378779684", "*", "4.357955355958107", "6.703809482016321", "2.024256076822197", "2.8583397254376726", "4.291209360775891", "3.389025274315423", "3.813031901067771", "2.884004999727882", "2.858791514388969", "3.8913731691767364", "3.9157991511284145", "3.842152509559094", "3.0095751583109305", "3.2397233635641527", "0.1914523275819353", "0.08807329152029286", "0.03348259937243725", "2.081633424254801", "0.21879592900351863", "0.26656410205512504", "0.057465092193638156", "0.3306663047207947", "0.3160044347460458", "0.03744395203266215", "0.24830206613744465", "4.87536962267837", "0.15553530112643976", "0.009320041896303533", "3.8889081466706372", "0.15162840955109447"
"21", "*", "0.6635345021951404", "0.9600566013187279", "1.1952748995813565", "1.2491694185094913", "0.6838984843444971", "1.6353791956988708", "0.6928533481637702", "0.6635728232959686", "0.8347888361395746", "2.386200329133646", "0.6640130261246835", "0.010315124869348047", "4.15844334645879", "5.220943802109002", "0.6539259242846405", "5.180949448334046", "0.28051194766582244", "2.1308952365297156", "7.530849394494424", "4.426649348015039", "*", "4.742657424359664", "2.411950313442385", "2.4901815133759593", "8.82708897274878", "2.8623256023060044", "3.128611093491963", "2.5090974141397195", "2.490515256419287", "3.17457771340809", "5.906067669563588", "3.1458179645017603", "2.600350706515983", "2.7617989211205467", "0.18196350129379102", "0.08385653095857615", "0.031908336182303376", "2.4838859316899473", "0.20785170731517066", "0.25301389866408286", "0.05474165127456576", "0.3134884842866068", "0.29966980637764307", "0.03568112316899663", "0.23575778709043904", "6.157007400661617", "0.14791892202851198", "0.008885329765465855", "3.1731471051302895", "0.1442130542636173"
"22", "*", "0.6965999442056185", "1.0139734276622496", "1.269350937712943", "1.3283908575769825", "0.7182541754453529", "1.7584095861193658", "0.7277825748862972", "0.6966406751679464", "0.8793344300117294", "2.6447035237346608", "0.6971085654806766", "0.010716859212212437", "5.689983610174108", "6.51309938520261", "0.5166139674523689", "6.620141429066425", "0.1615792495553059", "1.85738074841404", "4.492682762735148", "6.717583225647246", "4.687737175933657", "*", "2.095455123700133", "2.775087694706307", "4.605106443386848", "3.264644586160375", "3.6443283830942654", "2.799069706481636", "2.7755100943217084", "3.7131360308088484", "4.155214783700748", "3.6699582034382408", "2.9159895693175404", "3.1283535270589873", "0.18950827041482166", "0.08721062267243651", "0.03316076972001669", "2.1552113045927985", "0.2165527924747006", "0.26378484499889376", "0.05690815746931133", "0.3271394678014956", "0.31265149611965226", "0.0370835547976025", "0.24572984592818958", "5.366221752155688", "0.1539756737407485", "0.009231200780460913", "3.710977958129427", "0.15011003054584826"
"23", "*", "0.536072585482291", "0.7589990651180907", "0.9273996477297", "0.9648681480811585", "0.5517403479701826", "1.2204476455626216", "0.5586139115507347", "0.5361021170365965", "0.6662125261135139", "1.6474332753786176", "0.5364413395258172", "0.008678565497118651", "2.2840471553147723", "2.4679253578256914", "1.4079825595206743", "2.4628700268189854", "0.9026848617151302", "4.8773991143435005", "2.7024924365772054", "2.341365472124956", "2.660365716688212", "2.398790775371967", "*", "1.69895111356356", "2.677370942510436", "1.868049699042444", "1.974645978028207", "1.7081217192865226", "1.6991134521844047", "1.9918635775531475", "2.7944460951489236", "1.9811313032038131", "1.7514927138936263", "1.8247112663168656", "0.15160827034732582", "0.07026331481314818", "0.026813868700775956", "7.022100354965863", "0.1729139688703607", "0.20991852441970327", "0.04594315353146383", "0.2591378964473807", "0.24792500478010782", "0.02997801559607227", "0.19580409975900448", "2.5565921093694244", "0.123487675786917", "0.007476204439475165", "1.9913328846489518", "0.1204197069515871"
"24", "0.28461075866975083", "1.1431655027005272", "1.5750892378524037", "1.9523894958609276", "2.0445649609492644", "1.1716036416479527", "2.7986916797731984", "1.1841598217347116", "1.143218868970516", "1.3876343558043391", "6.234099995840621", "1.1438319388560263", "0.29716907282057914", "3.037080515888962", "2.7275935920063272", "0.2995777181177153", "2.7348044562433245", "*", "1.3012320043988828", "2.4488524085928534", "2.9288830673273996", "2.492030863208754", "2.8318572929651085", "1.4523850601505277", "*", "2.4742929406251433", "4.6289384870104024", "3.9756600469668957", "8.754501564040604", "14.569938719001826", "3.8965890915739827", "2.3628205687265442", "3.945253968682464", "6.257738550850467", "5.034827985312319", "0.5091889214440122", "0.38728423751632146", "0.3235218610135302", "1.4888796383138354", "0.5417009096405154", "0.5987830777488243", "0.35148373917162345", "0.675980008736011", "0.6582608760575135", "0.32813521149701597", "0.5769166602177487", "2.6103449078680745", "0.4666572120595074", "0.2954271786959217", "3.898948926333298", "0.4620424838060848"
"25", "*", "0.661684789343139", "0.9570632379496957", "1.1911922978060439", "1.244811361394368", "0.6819774970387305", "1.628717286174334", "0.6909006998527194", "0.661722977258465", "0.8323073067432714", "2.3728618994405624", "0.6621616499034464", "0.01029238170807023", "4.105978483289818", "5.1102580844951415", "0.6621057894903672", "5.073260208107076", "0.28754849856076437", "2.1480487720620003", "8.288371413511289", "4.363076412969835", "8.830262032885791", "4.6631997519498665", "2.4321285994016204", "2.47561665092936", "*", "2.842582177343427", "3.1042663766750938", "2.4942999015227114", "2.4759463152613463", "3.149350830476793", "6.113529884419819", "3.1211462469698503", "2.584387550215202", "2.7435865752158204", "0.18153748865304742", "0.08366685276672836", "0.031837454946010535", "2.5049390361227326", "0.20736061145345497", "0.25240643821497777", "0.05461907929629639", "0.31271940541257237", "0.2989382557321285", "0.03560175717820924", "0.23519521804134103", "5.949644730871736", "0.14757674353181027", "0.008865748762929115", "3.14794809527789", "0.14387988286495457"
"26", "0.15576161057559057", "0.9602928375959854", "1.3515305654246257", "1.6832116170704348", "1.7625697656424455", "0.9863792920068155", "2.381658767492251", "0.9978835398430235", "0.9603418304707216", "1.1830937164392417", "4.159405668793903", "0.9609046482864891", "0.16772824002214115", "3.5590889811816986", "3.117555864447361", "0.3136695449107081", "3.127411673058356", "*", "1.3930758610682759", "2.7490137995171766", "3.4000499961945767", "2.804656332128226", "3.2618955644086034", "1.5619650256188384", "4.569419866999829", "2.7817398470286374", "*", "5.37347240026544", "4.654534524061989", "4.570888307269228", "5.1659506778966335", "2.639526579529117", "5.291466744106515", "5.132953190307775", "6.597217145963992", "0.3689830172751831", "0.25345072416606307", "0.19282335278995388", "1.6030631393997998", "0.3997076138551545", "0.4535581228368404", "0.21942663447220356", "0.5261885293851245", "0.5095379719522097", "0.19721427463448515", "0.43294392690699857", "2.959718801185514", "0.3287327674058407", "0.1660687086372583", "5.171886109703429", "0.32436177218773876"
"27", "0.08227601685199071", "0.8588922626293458", "1.2301210817243984", "1.5403388177347548", "1.6138433257184834", "0.8837990743080453", "2.175593730241686", "0.8947765897314963", "0.858939059057453", "1.0709323729673033", "3.6071015980674366", "0.8594766395361377", "0.09392821713439226", "4.006485827037861", "3.4212416847018376", "0.3223566409566794", "3.4337186666565493", "*", "1.4522735406012233", "2.9690489573904637", "3.788828480818756", "3.0357136811860155", "3.606351219214325", "1.6333331624764327", "3.8809132848281536", "3.008195904232135", "5.338244258137271", "*", "3.9344476561874924", "3.881846795691116", "8.030671946844413", "2.8392972489930246", "9.433946354615205", "4.212978170658953", "4.824076649533256", "0.2894965926435753", "0.17732253364996264", "0.11835563988765418", "1.6776317533054907", "0.3192832963270762", "0.3714425547494926", "0.14423865361186605", "0.4416929351500998", "0.42559828181441617", "0.12262856880744755", "0.3514830094406012", "3.224347387908315", "0.2504460643665869", "0.09231244258042137", "8.075574600387284", "0.2462034091517138"
"28", "0.27720318797563026", "1.1324620429776422", "1.5618260272710005", "1.9361746362655614", "2.027504975080963", "1.1607540615433223", "2.7722893262109443", "1.17324480816493", "1.1325151377168545", "1.3755760825407455", "5.9989614684044685", "1.133125087549165", "0.2897260286916481", "3.0614195760693095", "2.7465462396534015", "0.30035064060726224", "2.753869699651897", "*", "1.3061434600642485", "2.4638626610288847", "2.951204002975097", "2.5076024253300027", "2.852494966097926", "1.4582113272309787", "8.751157225398092", "2.4896318525759833", "4.710708805430051", "4.025850079683723", "*", "8.777005902535072", "3.9438732732995243", "2.3767618910285613", "3.994306998585074", "6.535734532762849", "5.145369557313847", "0.5010980826990674", "0.3795774097428928", "0.3160033696811628", "1.4949416126293702", "0.5335020731382678", "0.5903886585734539", "0.343883676947101", "0.6673085171326645", "0.6496542937686827", "0.3206033703672291", "0.5685980753729889", "2.6275446927030126", "0.45870404110990837", "0.28798907330224877", "3.9463174634536067", "0.4541040081003329"
"29", "0.28447918726309585", "1.1429751769074064", "1.5748531894495428", "1.9521006257109401", "2.04426094714021", "1.1714107079769156", "2.7982196801006904", "1.1839657201583127", "1.1430285383315009", "1.3874198400773516", "6.229582412144508", "1.1436415525346812", "0.2970368697459338", "3.0375081772542916", "2.7279272185972174", "0.299591408379805", "2.7351400520377047", "*", "1.301318875305594", "2.4491169907779597", "2.9292755371343424", "2.4923052871077283", "2.8322203734361566", "1.452488079627019", "14.569879399857472", "2.4745632858127764", "4.630347608135448", "3.9765342386855047", "8.78029092203323", "*", "3.897413481172221", "2.3630663984365383", "3.946108685543185", "6.26222531126507", "5.036714532685821", "0.5090451805436231", "0.3871473368233005", "0.3233883144156797", "1.4889868169470186", "0.541555244704512", "0.5986339280467736", "0.35134873992557303", "0.6758259215416302", "0.6581079456451011", "0.3280014271659697", "0.5767688617380142", "2.6106478589078272", "0.4665159235766363", "0.29529506356520985", "3.8997747630519872", "0.4619014570910749"
"30", "0.07091949826635346", "0.8433934013090738", "1.2117091320224338", "1.5188530067224892", "1.5915282163911115", "0.8681271820084926", "2.1453548721809677", "0.8790274882584108", "0.8434398754097763", "1.0538611048908404", "3.535865842648077", "0.8439737523627042", "0.08252452532386689", "4.092469593797504", "3.476060213841376", "0.32374390393568886", "3.4890725715052673", "*", "1.4619221323107547", "3.0073804203831243", "3.861642193426042", "3.0761527456004636", "3.6696313114272288", "1.645023206499694", "3.7963147739335614", "3.0477528025321554", "5.1251949802667855", "8.025144391342733", "3.8469432943016146", "3.797198482676153", "*", "2.8738034910907952", "8.710320465644568", "4.108601898235275", "4.670171369726765", "0.2772418173882758", "0.1655699187828361", "0.10685181498340945", "1.6898619891769942", "0.30688851677859663", "0.3587955773863367", "0.13262687026289344", "0.4286916252465587", "0.41267967346992096", "0.1111070541112813", "0.33893361271094635", "3.271325428033575", "0.23837053053346802", "0.08091531481796777", "13.053359345559956", "0.23414705978387973"
"31", "*", "0.6497814642851414", "0.9378566550280216", "1.165069476299288", "1.2169455701434329", "0.6696177677984809", "1.5863684103929492", "0.6783382836925864", "0.6498187991947408", "0.8163639681696915", "2.289470414060057", "0.6502476715994865", "0.010145333243286814", "3.806244686068734", "4.547072535715179", "0.7161465809458316", "4.522283605716481", "0.33389443638323213", "2.264176245391563", "6.495385489763383", "4.008353379515812", "5.929927905894053", "4.23399526845722", "2.569890928233562", "2.384831455224215", "6.134217060613273", "2.721056086037361", "2.9560548976294374", "2.4021171161687436", "2.3851366040785624", "2.996088695228887", "*", "2.971060170878073", "2.4852261294732756", "2.6310698094127414", "0.17878592623617262", "0.08244099650697745", "0.031379221418114334", "2.6490281289273288", "0.20418921782304889", "0.24848476507296402", "0.053826781024667536", "0.30775641848853486", "0.2942169872527427", "0.03508868260935749", "0.23156293607126166", "5.049948635845099", "0.1453661766151897", "0.008739144554998024", "2.9948452240899206", "0.14172745417266785"
"32", "0.07798217631971571", "0.8530269890187636", "1.2231490255860198", "1.5321973929637878", "1.605386152051424", "0.8778680989811383", "2.1641139807011776", "0.8888162956771937", "0.8530736630602465", "1.0644698600384057", "3.5798188593545905", "0.8536098373215246", "0.08961649679830463", "4.038317385981166", "3.4416736848058207", "0.3228797177267624", "3.4543478150780764", "*", "1.4559051210450846", "2.9833870610858124", "3.815861775036403", "3.050833237922137", "3.6298937252846244", "1.6377311733783628", "3.848419892270046", "3.0229884602532158", "5.25415128770467", "9.431859040341529", "3.9008172608151677", "3.8493339282751204", "8.71376070687257", "2.8522152079679843", "*", "4.172718555613401", "4.764083721801699", "0.28486222854192", "0.1728785516836413", "0.11400596546142028", "1.682232457232506", "0.3145958456019158", "0.3666594679552895", "0.13984805716983706", "0.43677546418796354", "0.420712178080481", "0.11827218913565707", "0.34673692748190366", "3.2418868859502803", "0.24587966009738116", "0.08800321020053659", "8.786658705546479", "0.24164427840983294"
"33", "0.242847254333324", "1.0831344173790796", "1.5010001640817472", "1.8622278958556184", "1.949828196464097", "1.110767049271821", "2.6541502726749218", "1.122962638426516", "1.0831862864598834", "1.3201487661813567", "5.226892400379816", "1.0837821528255183", "0.2552079427177518", "3.1818090559236336", "2.8392342776242923", "0.30399333065093836", "2.84713034130506", "*", "1.3294823161866165", "2.536671434829263", "3.061140041402218", "2.5832215975503385", "2.9537807087779027", "1.4859482016821546", "6.238760092052027", "2.564085381112546", "5.173493351519909", "4.288746473999256", "6.52010041260692", "6.243306171610984", "4.189897757077256", "2.4442367841771655", "4.250574173227379", "*", "5.822815962506276", "0.463622768369206", "0.3438542407246974", "0.2811404814487113", "1.5238142942808959", "0.49553445933493556", "0.5515300172814839", "0.3086481134721759", "0.6271887484582965", "0.6098298468068872", "0.28567948250669595", "0.5300848373468292", "2.711353487680158", "0.42185657196153814", "0.2534935614103171", "4.1928284835482295", "0.4173235774895079"
"34", "0.18728219710172533", "1.004405532083421", "1.4048898618137935", "1.746701034249143", "1.8288607368620964", "1.0310319469538358", "2.4763055718638007", "1.0427775051269972", "1.0044555297445914", "1.2321559110537113", "4.46858561576174", "1.005029892792102", "0.19938870473037396", "3.40817555539131", "3.0085245298397307", "0.3100920590006573", "3.0175669699101606", "*", "1.369286205260729", "2.666990199039992", "3.265572619927707", "2.718954185427169", "3.1404290397916164", "1.5334511273776608", "4.990133899786146", "2.6975687793854313", "6.612041680448392", "4.874129326145826", "5.104019810430186", "4.992079766304002", "4.725751601841013", "2.564364837388898", "4.816223712687944", "5.797100335778543", "*", "0.40318077773263195", "0.286148278627838", "0.22478099480942682", "1.5733160547234553", "0.4343252577419605", "0.4889339190878368", "0.2517050782846817", "0.5626334250838383", "0.5457329286276758", "0.2292244539389121", "0.46802610422864666", "2.86304010974178", "0.3623940024826928", "0.19770970487281492", "4.730079078022542", "0.3579656507766509"
"35", "3.8466745452808233", "2.768606892126572", "2.213922026611294", "1.9383773770283437", "1.887352998380421", "2.7184595852153777", "1.6070927405858648", "2.697163845548161", "2.7685101904898337", "2.4096895120211252", "1.3044818172944979", "2.767400006425518", "3.936130315396861", "1.0462582090955115", "0.9961307052715034", "0.16833405008091207", "0.9974034891636112", "*", "0.6192796876537483", "0.9427441876783833", "1.0297498946397394", "0.9515670762946629", "1.0140320938417005", "0.6727964421023707", "1.2769431466120893", "0.947968003516908", "1.1962558624538335", "1.1519975799503945", "1.2721966465096561", "1.2768587248560537", "1.1452703601967742", "0.924529264906579", "1.1494505301224152", "1.2503554523357225", "1.2156290884268817", "*", "4.780502543161968", "4.141090737248595", "0.6851790686326447", "6.764819391902143", "5.330726325910085", "4.390836725755152", "4.472187597154617", "4.6255229751006155", "4.179746408107689", "5.723550272753866", "0.9746867827273791", "6.339708771366573", "3.923433612647961", "1.1454760491148273", "6.188779528812677"
"36", "4.967588555682456", "2.500610479013283", "2.040449609853153", "1.8015934125691682", "1.7567177344727085", "2.4602888496571294", "1.5069981341280947", "2.443083188794613", "2.5005329899278776", "2.206248814759746", "1.2318864837501144", "2.499643301825652", "5.162159394800767", "0.9932919126873556", "0.9466117680628918", "0.16207919243463387", "0.9477983938886712", "*", "0.592378242411002", "0.8967759823775223", "0.9779312439941434", "0.9050204913754945", "0.9632948315153618", "0.6430118719842395", "1.206598848100445", "0.9016577530466354", "1.13228395476076", "1.0913839063728283", "1.202236358969528", "1.2065212665517775", "1.085158847007381", "0.8797447205934303", "1.089027238680183", "1.1821473101072604", "1.1501569747381342", "4.832062928578015", "*", "5.674517402810823", "0.6547128739105599", "4.506984534793483", "4.081101311217106", "6.521304475577201", "3.669684923802595", "3.752493085534779", "5.785191442941974", "4.227865445709513", "0.9266088327150088", "5.4300780773145085", "5.13365860824047", "1.0853492141522914", "5.514206400700502"
"37", "6.363752075915453", "2.376979256428833", "1.9566651219529345", "1.7343116777263963", "1.692261908577433", "2.340629560288186", "1.4568430773770245", "2.3250885130290766", "2.3769094968376367", "2.1094264556969384", "1.1949957711644261", "2.376108527865132", "6.9322811452450885", "0.966102081219796", "0.9211461430227996", "0.15878889898210913", "0.9222896012866122", "*", "0.5783798614363049", "0.873092743172692", "0.9513147246726965", "0.8810464694256304", "0.9372191513893506", "0.6275365986982759", "1.1708106444240625", "0.8778025280523263", "1.0996307562110594", "1.0603911854369286", "1.1666364917342067", "1.1707364169705654", "1.054414916034363", "0.8566571183309759", "1.0581288252843706", "1.147407723657683", "1.1167638637461317", "4.22062529549105", "5.7024915756372305", "*", "0.63888908738166", "4.003707527320934", "3.6961467431588937", "6.873930297434788", "3.3766962034536028", "3.442603221280835", "9.4618524622192", "3.8049616476855976", "0.9018657558742933", "4.575101099878733", "6.83906598282706", "1.0545976902560175", "4.6201105170604055"
"38", "*", "0.5411152066514235", "0.766764014196823", "0.937522914108829", "0.9755552038383515", "0.5569607059707726", "1.2354041084719376", "0.5639128622269864", "0.5411450713820556", "0.6727924541103576", "1.6714892678101747", "0.5414881214893548", "0.00874605814082674", "2.3280037207405155", "2.5195368783471968", "1.3676817393892056", "2.5142572093879987", "0.8709386792011808", "4.572130803811756", "2.765472604879475", "2.3876001884403597", "2.7211587038185736", "2.447404325147432", "7.010957723848662", "1.724303060609667", "2.7390387481143477", "1.8980051817062047", "2.0078019377400644", "1.7337093735677134", "1.7244695583872036", "2.025559729113247", "2.8624406647254896", "2.0144899559407556", "1.7782161753751669", "1.8534335625454594", "0.15284826576039912", "0.07082168562226787", "0.027023726266959258", "*", "0.17433899240503425", "0.21167153666630023", "0.04630514655236606", "0.26134052697903254", "0.2500238399008299", "0.030212897530457195", "0.19743100697639937", "2.612274948359143", "0.12448764093007147", "0.00753432196432291", "2.0250122865277462", "0.12139376902157961"
"39", "3.6540937654050847", "2.848641134323927", "2.2634940513553063", "1.9768146781704452", "1.9239599922647344", "2.795202651472459", "1.6347567533272236", "2.77254570263044", "2.8485379680626624", "2.468635602885625", "1.3242996031539596", "2.8473535999231103", "3.7328068013442044", "1.0605915117953084", "1.0095106019016225", "0.16999212146344123", "1.010807178365675", "*", "0.6264759690321635", "0.9551451239726232", "1.0437654799615501", "0.9641272662162699", "1.0277485998018068", "0.6807741245256329", "1.29612711870882", "0.9604631102175429", "1.2136524429340323", "1.1684562675341228", "1.291272620849084", "1.29604077291717", "1.1615890434873224", "0.9366045403936827", "1.1658561310826383", "1.2689391272016795", "1.2334455523364376", "6.75149137580237", "4.442096133277664", "3.9108449529787066", "0.6933417791775072", "*", "5.984156528545297", "4.123020678136576", "4.788205658685306", "4.98363683865567", "3.944041753449649", "6.67010090778955", "0.9876690190050215", "5.523334275962278", "3.7216707344597486", "1.16179900325442", "5.434910238711322"
"40", "3.3694389880742235", "2.99995265247203", "2.354325796636567", "2.0464629834814123", "1.9901712415481474", "2.9397936262018933", "1.6843528781734762", "2.9143706893798345", "2.999836239719943", "2.5776753229044043", "1.3595574624022229", "2.998499875911072", "3.4347939752231507", "1.0859565871800858", "1.033166661579969", "0.17289084990782078", "1.0345058487579353", "*", "0.6391236967520215", "0.9770496377607976", "1.0685606847279039", "0.9863164892799294", "1.0520076840407473", "0.6948057117897228", "1.3302363185318762", "0.9825359686938131", "1.2445299836304655", "1.1976425576712866", "1.3251862379990174", "1.330146487974179", "1.1905231358098098", "0.9579271193583452", "1.1949467851507594", "1.3019617168629751", "1.2650812453970612", "5.294425341525059", "3.9932399414160336", "3.5803112005314133", "0.7077013551535205", "5.961183560260045", "*", "3.749256885890215", "5.592741744228217", "5.960144367616898", "3.607074908551556", "7.363194986448699", "1.0106131889809515", "4.712450779582307", "3.425584668650687", "1.1907407878900562", "4.660578913784468"
"41", "5.584052996983096", "2.429977897212833", "1.9928652805465301", "1.7634759582079473", "1.720216743292562", "2.391965759040719", "1.478656610188282", "2.3757272007259544", "2.4299049050467127", "2.151152632518367", "1.2110820137689684", "2.4290668318596715", "5.890457711153018", "0.977980715847476", "0.932275252469585", "0.1602330619737784", "0.9334374821695457", "*", "0.5845111880103953", "0.8834465040854051", "0.9629441924990978", "0.8915267595230931", "0.9486135141438456", "0.6343128585341642", "1.186419497587356", "0.8882311274078125", "1.1138810128985095", "1.0739211741663408", "1.1821637740053452", "1.186343817485659", "1.0678369463190474", "0.8667516529427295", "1.0716178919979877", "1.162562330686348", "1.131334922226587", "4.458018259002808", "6.53692562340881", "6.861577272439988", "0.6458174826722671", "4.203530227484004", "3.8527394035228957", "*", "3.4981203677432733", "3.5705945226262132", "7.124020473368209", "3.9756647707188346", "0.9126806177471525", "4.89050914700326", "5.8440398008786", "1.06802301552481", "4.947227194604405"
"42", "3.0592830863582505", "3.231218234211758", "2.485705022419466", "2.1453539630949634", "2.0839034134693626", "3.1593984867774787", "1.753573003813592", "3.129219207813685", "3.2310786910229665", "2.7379722538515545", "1.4081748891200956", "3.22947696082885", "3.11289368228713", "1.1206455734274718", "1.06547261803576", "0.17678265276249983", "1.0668711389479841", "*", "0.6562401028430997", "1.0069202585215482", "1.1024542992836022", "1.016582486792482", "1.0851537187333777", "0.7138164957074289", "1.3772246614090915", "1.0126403477814363", "1.2869518020687782", "1.2376843499619223", "1.3718975084482565", "1.377129893359064", "1.2302105955600604", "0.9869901846639446", "1.234854193273462", "1.3474118599298164", "1.3085721632830913", "4.40567802465962", "3.551614965891552", "3.230652072716151", "0.7271617573562814", "4.735024102290081", "5.562533156118246", "3.364429262000621", "*", "7.715670601914205", "3.252060178059707", "5.191680747185098", "1.0419284869254923", "4.056263056711693", "3.105365808941906", "1.2304390529736016", "4.022439185377442"
"43", "3.124503912000841", "3.1750137000594068", "2.454613870420978", "2.1221531539408147", "2.0619431661620524", "3.106193080946162", "1.737461390980255", "3.077231965408604", "3.174880123835501", "2.6997441575216916", "1.396920840882311", "3.1733468451993225", "3.180371575089735", "1.112645532536361", "1.0580268990617765", "0.17589247579412515", "1.0594116267489997", "*", "0.6523111798625219", "1.0000403028425926", "1.0946393497149964", "1.0096107292896614", "1.0775126674576776", "0.7094505244462992", "1.3663524491367371", "1.0057061185071356", "1.2771481650420067", "1.228436617032382", "1.361090205490418", "1.3662588378686782", "1.221045564189566", "0.9802976738342957", "1.2256378275721227", "1.3368998786845503", "1.298518587233072", "4.565860323011762", "3.641270048029879", "3.3034060109495265", "0.722691990684222", "4.937302202666589", "5.93678269991307", "3.4437503372897043", "7.722517522320348", "*", "3.3258226051951603", "5.474072042443215", "1.034713000548146", "4.182059807971944", "3.1725214694513815", "1.2212714998579965", "4.145365643874745"
"44", "6.202356159998514", "2.3855984016008684", "1.9625809942702674", "1.7390874443378523", "1.696841224897613", "2.348982355536523", "1.4604227312043516", "2.3333294790230625", "2.3855281243493036", "2.1162345113367427", "1.1976399391252297", "2.3847212134860825", "6.699796998032564", "0.9680570036041951", "0.92297810970484", "0.1590272901776646", "0.9241246479769689", "*", "0.5793906015703407", "0.8747974617640932", "0.9532287784662308", "0.882771957545633", "0.9390946376002458", "0.6286534467268816", "1.1733766960408576", "0.8795195314178343", "1.1019743791889", "1.0626168154900313", "1.1691891935535823", "1.1733022308541647", "1.0566228562955442", "0.8583192806555284", "1.0603477500919167", "1.149899425848977", "1.1191600240089263", "4.257233667483453", "5.811118316901693", "9.45980516335251", "0.6400309597784672", "4.034857028925186", "3.720863152312346", "7.134326199496318", "3.3960570099304683", "3.4629725166597782", "*", "3.831795904119519", "0.9036461559890245", "4.622662897109976", "6.619969352740178", "1.0568061704411598", "4.669272651605715"
"45", "3.4717016978032786", "2.9402401479181517", "2.3189357171801053", "2.019448193019312", "1.9645083526057947", "2.882813977978836", "1.665197708722975", "2.8585136148506063", "2.9401291291785787", "2.535026858680765", "1.3459816180065736", "2.938854656380716", "3.541541469636246", "1.0762105052932252", "1.024080555784768", "0.17178240197799877", "1.0254032936794681", "*", "0.6342772199602531", "0.9686394341867457", "1.0590347249421797", "0.9777964538382418", "1.0426887611019993", "0.6894273632609802", "1.3171059771327567", "0.9740608246521325", "1.2326518638325799", "1.1864190884943513", "1.3121317309305085", "1.3170174977973756", "1.1793972472663756", "0.949741366488599", "1.1837603208093297", "1.2892526130602766", "1.2529095066698273", "5.695985364500797", "4.148740152040398", "3.6978621811900734", "0.7021969015955758", "6.655864015636253", "7.3719310625806544", "3.88091832921811", "5.230625411427025", "5.506169786278999", "3.7267437364906852", "*", "1.0018018543493548", "4.971417339872675", "3.531686981047417", "1.1796119231836637", "4.909927741086385"
"46", "*", "0.6755585388226493", "0.9795731618773926", "1.2219694362204248", "1.2776857130747032", "0.6963881608003639", "1.6792368440033574", "0.705549923263959", "0.6755977298699145", "0.8509466164864286", "2.4756049839805883", "0.676047927657899", "0.010462266443319379", "4.553599163610803", "6.267484973303071", "0.6020995843326262", "6.184934889113415", "0.23580107801457384", "2.024594742954222", "5.66586283273944", "4.923702966227445", "6.1366467521537595", "5.400781352073838", "2.28781605761574", "2.5881349095274224", "5.926111022226867", "2.997027422855435", "3.296884151706405", "2.608679033004872", "2.5884971797115286", "3.349389747333344", "5.005727751006776", "3.3165109640220463", "2.7081219481379453", "2.8855241969273004", "0.18472255921864988", "0.08508422379023317", "0.03236697412310896", "2.3546415277226593", "0.2110328115960649", "0.2569499498572476", "0.055534860990767765", "0.3184738359117598", "0.30441142912827024", "0.03619467310453084", "0.2394025390936947", "*", "0.15013454906830992", "0.00901201206400204", "3.347752017030291", "0.14637030941806373"
"47", "4.146522747819676", "2.6697624566145137", "2.1512661976165735", "1.889375411807828", "1.8406180169340196", "2.6234452013805107", "1.5715276865070478", "2.6037390857664846", "2.669673259570435", "2.3357185609570807", "1.2788463639644236", "2.668649198820929", "4.256051691699598", "1.0276367195646028", "0.9787347206312362", "0.16615806613341855", "0.9799768991061639", "*", "0.6098772810122166", "0.9266084835773758", "1.011536592336567", "0.9352262211817068", "0.9962032213199503", "0.6623795716942849", "1.2521151613799075", "0.9317109825479939", "1.173709336736814", "1.1306507758257291", "1.24750632907282", "1.2520331920413899", "1.1241027974942894", "0.9088132394379191", "1.1281716858301993", "1.2262929800803777", "1.1925460373292656", "6.357412495518896", "5.3962214160507855", "4.513270265788601", "0.67452216795464", "5.554366016214374", "4.7664554881196555", "4.8410313379079275", "4.140476353359013", "4.259426184213121", "4.562879361886535", "5.016685972278067", "0.9578024967293621", "*", "4.240412155662307", "1.124303018043066", "9.538112145137092"
"48", "8.209250301415393", "2.3255107034209614", "1.9211093389958749", "1.7055291250704618", "1.6646502042793236", "2.2907197818526437", "1.435206631751608", "2.2758337874094177", "2.3254439714507025", "2.0685961190839746", "1.1789772616649303", "2.324677755126093", "10.850026988541769", "0.9542391290547263", "0.9100259767217764", "0.15733618570883046", "0.9111508229492826", "*", "0.5722322557993214", "0.8627417630348173", "0.9396986136913874", "0.8705699095036175", "0.9258360289446195", "0.6207453809317998", "1.1552624086012786", "0.8673772683640695", "1.0854225585531885", "1.0468944346245204", "1.1511686418501172", "1.1551896126149201", "1.041024862363746", "0.8465634879626842", "1.0446725165183115", "1.1323072501141134", "1.1022390203043444", "4.015514617385241", "5.174179227561703", "6.851612429321886", "0.6319461295738482", "3.827079755296801", "3.553966657772992", "5.868939272368225", "3.2639563861741823", "3.3242651262775147", "6.634563098101694", "3.651332894037766", "0.891057240310011", "4.314789436247263", "*", "1.0412043798624593", "4.351941927516041"
"49", "0.07126748183232712", "0.8438676539931973", "1.2122719727469375", "1.5195091367740696", "1.5922094820127581", "0.8686067014717307", "2.146275597016082", "0.879509357644606", "0.8439141379055863", "1.0543831965583648", "3.538005338437701", "0.844448127594152", "0.08287394882896404", "4.089747004824697", "3.47434264039666", "0.32370121350469283", "3.4873379100696784", "*", "1.4616243893323695", "3.0061860825245397", "3.8593468765647723", "3.0748918429674923", "3.667642944392637", "1.6446622192403275", "3.798844314337706", "3.0465197729780815", "5.1313001177184105", "8.070216750530435", "3.8495571901005263", "3.7997294702007487", "13.053529051204785", "2.872729725596658", "8.783388169963304", "4.111702330351077", "4.674668551553123", "0.2776172119511582", "0.16592999157257582", "0.10720429484989324", "1.6894842522363227", "0.30726818219052365", "0.3591829351114124", "0.13298264511348545", "0.42908978830492917", "0.41307531478318094", "0.11146007390172619", "0.33931799427306375", "3.269857403375351", "0.2387404567270739", "0.08126453796151045", "*", "0.23451640065109292"
"50", "4.183245136960609", "2.659406248143131", "2.144610957085367", "1.8841433605650404", "1.8356237046052013", "2.6134758652549883", "1.5677108139533917", "2.593930649463345", "2.6593178080305617", "2.3278951193752664", "1.276084684055102", "2.6583024341988364", "4.2955536526009155", "1.0256252534837889", "0.9768547494954691", "0.16592153217831207", "0.9780936425462272", "*", "0.6088580513297375", "0.9248638678311303", "1.0095689104325496", "0.9334595630881402", "0.9942767877963781", "0.661250812530283", "1.249439642797813", "0.9299533315524662", "1.1712775511900402", "1.128347330282184", "1.2448455057345726", "1.2493579352271564", "1.1218185364160291", "0.9071137266667253", "1.125875513813979", "1.2236991952796754", "1.1900568952945516", "6.208422462636328", "5.482288949108106", "4.560218892641602", "0.6733675057174762", "5.467881188634745", "4.716522831993144", "4.8996885951804", "4.108591691696089", "4.2246712297872495", "4.611428326053602", "4.9571355831631045", "0.9559774667504439", "9.54005135480842", "4.279503856602412", "1.122018171638413", "*"
