,mutated,unmutated,bound,escaped,count,param_known,virus,site
0,0.007960472083844216,0.008519851425590688,0.9983480483710953,0.0016519516289047464,37,BA.1,SARS-CoV-2,331
1,0.007722064607998355,0.008700066944761952,0.9987974250886864,0.001202574911313592,21,BA.1,SARS-CoV-2,332
2,0.023446610120388945,0.027803550989198535,0.9929579758298727,0.007042024170127337,89,BA.1,SARS-CoV-2,333
3,0.18838856189296302,0.22356866319576824,0.9495559721322766,0.050444027867723396,500,BA.1,SARS-CoV-2,334
4,0.016063958185559887,0.017888739706178013,0.9945095766831883,0.00549042331681171,61,BA.1,SARS-CoV-2,335
5,0.034004566215654675,0.03914092468317545,0.9947701900377866,0.00522980996221345,74,BA.1,SARS-CoV-2,336
6,0.03077784431406597,0.04486728543384429,0.9928315380388898,0.007168461961110206,58,BA.1,SARS-CoV-2,337
7,0.0021923991319916726,0.0024758567294863396,0.9987899687787801,0.001210031221219876,12,BA.1,SARS-CoV-2,338
8,0.06605910532630285,0.08384252897420838,0.9902888925302724,0.009711107469727587,111,BA.1,SARS-CoV-2,339
9,0.07256664543022319,0.09814010120429674,0.9780362064107074,0.02196379358929257,200,BA.1,SARS-CoV-2,340
10,0.0003052007741617893,0.00031982182149677005,0.9996637853846809,0.0003362146153190748,4,BA.1,SARS-CoV-2,341
11,0.004565804573561791,0.0052032593617445215,0.99872457180476,0.0012754281952399582,19,BA.1,SARS-CoV-2,342
12,0.15397812590852566,0.2427388750918569,0.9685484532013249,0.03145154679867512,129,BA.1,SARS-CoV-2,344
13,0.11318267707740254,0.26982318821817214,0.9745392562470752,0.02546074375292484,61,BA.1,SARS-CoV-2,345
14,0.35720923149683476,3.283450738725835,0.7959719016014327,0.20402809839856728,453,BA.1,SARS-CoV-2,346
15,0.6382795001557898,1.0266770402348164,0.7660263360004366,0.23397366399956343,785,BA.1,SARS-CoV-2,347
16,0.286351901228629,1.871792389203459,0.8207029766670836,0.17929702333291642,403,BA.1,SARS-CoV-2,348
17,0.16348224153068402,0.24392369303222924,0.9674051581600511,0.032594841839948874,130,BA.1,SARS-CoV-2,349
18,0.022481553993426575,0.03058518155076676,0.9961065444042674,0.00389345559573262,25,BA.1,SARS-CoV-2,351
19,0.4141743232250024,1.1991611087391032,0.864638436693916,0.13536156330608395,490,BA.1,SARS-CoV-2,352
20,7.789067215229876e-05,8.834274003293646e-05,0.9997473278704293,0.00025267212957069685,1,BA.1,SARS-CoV-2,353
21,0.321170289667456,0.707158898045052,0.9085618629673627,0.09143813703263726,435,BA.1,SARS-CoV-2,354
22,0.5126850998002902,1.451200254866071,0.8012153687922838,0.19878463120771617,648,BA.1,SARS-CoV-2,356
23,0.15542456946600441,0.7072568844852962,0.9313760512024933,0.06862394879750666,416,BA.1,SARS-CoV-2,357
24,0.019763775101744475,0.023674067518055564,0.9961676424669941,0.0038323575330059256,36,BA.1,SARS-CoV-2,358
25,0.12566555921286215,0.16152425547402086,0.9760093849716968,0.02399061502830324,271,BA.1,SARS-CoV-2,359
26,0.12994913795405003,0.15858862924780578,0.9677747328673422,0.03222526713265783,276,BA.1,SARS-CoV-2,360
27,0.49416670055067535,0.6920665432420745,0.9128667436051537,0.08713325639484626,529,BA.1,SARS-CoV-2,361
28,0.0813077864432192,0.09959549117649331,0.9863044215862327,0.01369557841376734,179,BA.1,SARS-CoV-2,362
29,0.045007538112494846,0.061917900172756,0.9910969446995546,0.00890305530044544,93,BA.1,SARS-CoV-2,363
30,0.2178058799258319,0.2649022531671982,0.951178207999969,0.048821792000031006,477,BA.1,SARS-CoV-2,365
31,0.17138023688069232,0.20133522593019693,0.9589800981914558,0.0410199018085442,413,BA.1,SARS-CoV-2,366
32,0.013000437557415714,0.017949419029504976,0.9969224536439621,0.0030775463560378524,41,BA.1,SARS-CoV-2,367
33,0.010407705696565909,0.012187856414613929,0.9968320247923822,0.0031679752076178014,36,BA.1,SARS-CoV-2,368
34,0.12220478015679653,0.17413199384993347,0.9707640332227916,0.02923596677720841,256,BA.1,SARS-CoV-2,369
35,0.028691086041463736,0.044271572293217085,0.9897130089297197,0.010286991070280305,85,BA.1,SARS-CoV-2,370
36,0.10451476506505886,0.13654573002417864,0.9812651764255983,0.018734823574401704,175,BA.1,SARS-CoV-2,371
37,0.03130188257311991,0.051921985073377495,0.9940136703239654,0.00598632967603463,61,BA.1,SARS-CoV-2,372
38,0.004700866159588819,0.005244992717397252,0.9985950901821187,0.001404909817881328,32,BA.1,SARS-CoV-2,373
39,0.1981195618284093,0.2900540524137184,0.942201484898137,0.05779851510186296,400,BA.1,SARS-CoV-2,374
40,0.013831320237010074,0.018432426459644217,0.996879378772084,0.0031206212279160095,31,BA.1,SARS-CoV-2,375
41,0.038812375436661835,0.057766163581902695,0.9867951584798893,0.0132048415201107,119,BA.1,SARS-CoV-2,376
42,0.012751368394554392,0.01487724467441348,0.9960352459253053,0.003964754074694654,42,BA.1,SARS-CoV-2,377
43,0.04410168282204699,0.2902233316755895,0.9616155810714572,0.03838441892854283,175,BA.1,SARS-CoV-2,378
44,0.00043109571987868644,0.0004522717142282479,0.9998453775719014,0.00015462242809860527,3,BA.1,SARS-CoV-2,380
45,0.02594767460930623,0.03939749674052276,0.996427878235316,0.003572121764684022,62,BA.1,SARS-CoV-2,381
46,0.009105730495853158,0.010178352014600984,0.9978208922712339,0.002179107728766061,29,BA.1,SARS-CoV-2,382
47,0.0356400323374119,0.32858417870085344,0.9774499571263461,0.02255004287365392,134,BA.1,SARS-CoV-2,383
48,0.04102697941466362,0.17543580021499555,0.9821316894726672,0.017868310527332842,115,BA.1,SARS-CoV-2,384
49,0.04376304094023896,0.2155410541382622,0.9879192449248292,0.012080755075170813,118,BA.1,SARS-CoV-2,385
50,0.04063597128625625,0.1873995848427334,0.9877225967626211,0.012277403237378914,113,BA.1,SARS-CoV-2,386
51,0.005374555150087957,0.006148107775000067,0.9973921196340433,0.0026078803659567162,20,BA.1,SARS-CoV-2,387
52,0.04971498300229411,0.05855210664078419,0.9874636479376738,0.012536352062326173,141,BA.1,SARS-CoV-2,388
53,0.03358316552221885,0.03822518073923952,0.989981703819384,0.010018296180616004,110,BA.1,SARS-CoV-2,389
54,0.08452334765827049,0.10054596308243469,0.9814520526286572,0.0185479473713428,236,BA.1,SARS-CoV-2,390
55,0.056041216708932404,0.14482077544546926,0.9867716423784628,0.013228357621537179,220,BA.1,SARS-CoV-2,391
56,0.027349990834680454,0.04147322313571052,0.9926446391013946,0.007355360898605445,125,BA.1,SARS-CoV-2,392
57,0.10092491535364373,0.15673665206752535,0.9764897352840416,0.023510264715958407,218,BA.1,SARS-CoV-2,393
58,0.06440972894716493,0.09305968222340992,0.9836761968927172,0.016323803107282764,249,BA.1,SARS-CoV-2,394
59,0.010169564669983193,0.01144572094374312,0.9969054843510691,0.003094515648930929,32,BA.1,SARS-CoV-2,395
60,0.20356356587961494,0.3206747754474901,0.9420927358316761,0.057907264168323924,485,BA.1,SARS-CoV-2,396
61,0.008713652722777857,0.009631993925800447,0.9980877823202308,0.0019122176797692347,18,BA.1,SARS-CoV-2,397
62,0.0246413157439769,0.029908878185565733,0.9942777920743019,0.005722207925698108,36,BA.1,SARS-CoV-2,399
63,0.0013270566849235576,0.0015806349763259823,0.9998797337424414,0.00012026625755856557,2,BA.1,SARS-CoV-2,401
64,0.01064095817886223,0.011707450455332436,0.9963127674608383,0.0036872325391617,32,BA.1,SARS-CoV-2,402
65,0.08414282648784122,0.1621996336990731,0.9837225587497785,0.01627744125022146,50,BA.1,SARS-CoV-2,403
66,0.01848644018287302,0.0224449613321448,0.9945347965279466,0.00546520347205337,35,BA.1,SARS-CoV-2,404
67,0.11033374599662528,0.1412372266467091,0.970493127234105,0.02950687276589503,220,BA.1,SARS-CoV-2,405
68,0.09193395609702376,0.1331816665639346,0.9893565970978941,0.010643402902105858,70,BA.1,SARS-CoV-2,406
69,9.928510011800428e-06,1.000444931012833e-05,0.9999982758354109,1.7241645891008517e-06,1,BA.1,SARS-CoV-2,407
70,0.06791638413156528,0.1494772641069806,0.9783686301936382,0.021631369806361822,122,BA.1,SARS-CoV-2,408
71,0.0036779207839973418,0.0043262433621426575,0.9991009292560495,0.0008990707439504586,9,BA.1,SARS-CoV-2,409
72,0.0002882824227804338,0.00030282963825322546,0.9998520705399652,0.00014792946003483465,3,BA.1,SARS-CoV-2,410
73,0.0049959433482996,0.016612663011382117,0.9959020198973606,0.004097980102639398,32,BA.1,SARS-CoV-2,411
74,0.030274717001188427,0.0808510015543353,0.9863921544872449,0.013607845512755068,96,BA.1,SARS-CoV-2,413
75,0.004236347364826355,0.005233298520197357,0.9984397997768748,0.0015602002231251966,16,BA.1,SARS-CoV-2,414
76,0.04037239986557096,0.04698462072668887,0.9855588111647092,0.014441188835290775,125,BA.1,SARS-CoV-2,415
77,0.11227717242340508,0.7595439304240832,0.9527104866657665,0.04728951333423348,106,BA.1,SARS-CoV-2,417
78,1.5177477991083245e-05,1.5398359584590342e-05,0.999997234402044,2.765597955978194e-06,1,BA.1,SARS-CoV-2,418
79,2.057395453450223e-05,2.1520652349254833e-05,0.9999301264702481,6.987352975185157e-05,1,BA.1,SARS-CoV-2,419
80,0.1530013188318365,0.401927575814708,0.9475930578917,0.05240694210829999,111,BA.1,SARS-CoV-2,420
81,0.04858376384232238,0.06530131644744855,0.9869224796436924,0.013077520356307604,60,BA.1,SARS-CoV-2,421
82,0.0005059342298559303,0.0005259358736360856,0.9999634309892207,3.6569010779308186e-05,1,BA.1,SARS-CoV-2,424
83,0.0003794434282635962,0.00042807409332081957,0.9996429618873168,0.0003570381126831723,2,BA.1,SARS-CoV-2,425
84,0.049373001732404206,0.10410634267930055,0.9872630128763954,0.012736987123604604,176,BA.1,SARS-CoV-2,427
85,0.03655661037889726,0.09385557071088013,0.9902894551190402,0.009710544880959793,109,BA.1,SARS-CoV-2,428
86,0.00184463785492935,0.0019597079957945343,0.9994694089616956,0.0005305910383044399,6,BA.1,SARS-CoV-2,429
87,0.029754308732756293,0.03580383994157309,0.9911741604068435,0.008825839593156526,113,BA.1,SARS-CoV-2,430
88,0.00038254002435232897,0.0004050915477462144,0.9996756823558861,0.00032431764411389175,3,BA.1,SARS-CoV-2,433
89,0.0004279044833470085,0.0005505140384684377,0.9994390407024419,0.0005609592975580613,2,BA.1,SARS-CoV-2,434
90,0.0006682438296648427,0.0007128624023048657,0.9996953384252705,0.0003046615747295256,6,BA.1,SARS-CoV-2,435
91,0.002118847236783253,0.002880620946694471,0.9993497565043474,0.0006502434956525693,4,BA.1,SARS-CoV-2,437
92,0.0009130059943429305,0.0009536715607795732,0.9996917124118301,0.00030828758816991986,4,BA.1,SARS-CoV-2,438
93,0.16576221069393712,0.3013123411703631,0.9685636444573877,0.03143635554261226,170,BA.1,SARS-CoV-2,439
94,0.032942512726600495,0.0581219579165266,0.9910752641572055,0.008924735842794518,56,BA.1,SARS-CoV-2,440
95,0.11316127547999415,0.19978956347292443,0.9791313980756464,0.02086860192435358,94,BA.1,SARS-CoV-2,441
96,0.1444829727146146,0.21810125868450497,0.9844907178217444,0.015509282178255646,76,BA.1,SARS-CoV-2,443
97,0.18546433625137945,2.8855746739146633,0.8796048673636852,0.12039513263631485,247,BA.1,SARS-CoV-2,444
98,0.23948355063708904,1.1720896936361085,0.9432167085846169,0.056783291415383075,114,BA.1,SARS-CoV-2,445
99,0.4347853045932165,1.1857337271827704,0.9223531698312007,0.07764683016879925,386,BA.1,SARS-CoV-2,446
100,0.5320636979185882,1.8414491716831414,0.8825380015409785,0.1174619984590215,470,BA.1,SARS-CoV-2,447
101,0.5597817290387056,1.4239062081267364,0.9019036399251769,0.09809636007482314,329,BA.1,SARS-CoV-2,448
102,0.23090519110024674,1.1022944348512784,0.9430465623810652,0.05695343761893479,209,BA.1,SARS-CoV-2,449
103,0.4655030441248479,1.9856494578601764,0.8750521514924657,0.12494784850753426,417,BA.1,SARS-CoV-2,450
104,0.020188326834466315,0.03371515135116549,0.9970585145897315,0.0029414854102685073,23,BA.1,SARS-CoV-2,451
105,0.5304315655672964,1.9100056355782136,0.8375342146594847,0.16246578534051526,431,BA.1,SARS-CoV-2,452
106,0.07169112742720887,0.09550532720358669,0.9843678424745298,0.015632157525470203,99,BA.1,SARS-CoV-2,453
107,0.18418508870214503,0.9448809526478384,0.9462063391758976,0.05379366082410242,119,BA.1,SARS-CoV-2,455
108,0.4060118312405479,1.5120745320176803,0.8997467634339621,0.1002532365660379,236,BA.1,SARS-CoV-2,456
109,0.08109265854020911,0.12372409316415937,0.9792825992705142,0.020717400729485802,221,BA.1,SARS-CoV-2,458
110,0.05780406069466592,0.06853776442910336,0.9854094186322199,0.014590581367780131,137,BA.1,SARS-CoV-2,459
111,0.1249229632191188,0.4520645508321635,0.9554607527601615,0.044539247239838486,143,BA.1,SARS-CoV-2,460
112,0.001974612420526443,0.0020500201827015167,0.999584676780983,0.0004153232190170497,7,BA.1,SARS-CoV-2,461
113,0.047454063238625326,0.5605653940418397,0.9614284761071109,0.03857152389288909,179,BA.1,SARS-CoV-2,462
114,0.2372526130423864,0.3062083818093359,0.938612705130473,0.06138729486952699,385,BA.1,SARS-CoV-2,463
115,0.04046402903030632,0.05002861301371405,0.9837319867295187,0.01626801327048133,150,BA.1,SARS-CoV-2,464
116,0.03400747278630813,0.06723833519561928,0.9896812632898745,0.010318736710125509,58,BA.1,SARS-CoV-2,465
117,0.10130628316875114,0.1890913056171987,0.9638026403032923,0.036197359696707676,208,BA.1,SARS-CoV-2,466
118,0.31501100155342104,1.2607898659529078,0.8149023568580575,0.18509764314194255,574,BA.1,SARS-CoV-2,468
119,0.030836973356568993,0.04666077390308758,0.9900830126013624,0.009916987398637556,94,BA.1,SARS-CoV-2,469
120,0.2568568609906203,0.5798930436417625,0.9375914545887661,0.06240854541123386,270,BA.1,SARS-CoV-2,470
121,0.10550394551084974,0.20286766905932915,0.9670488260041071,0.03295117399589287,288,BA.1,SARS-CoV-2,471
122,0.6965562207717937,1.4666480170570186,0.8766089453580216,0.12339105464197841,631,BA.1,SARS-CoV-2,472
123,0.5736295393970293,1.194312643654798,0.8890544636874281,0.11094553631257187,534,BA.1,SARS-CoV-2,473
124,0.03892589328160484,0.050694220019682594,0.9892687621563869,0.010731237843613073,131,BA.1,SARS-CoV-2,474
125,0.43265054900646094,1.5639866496438786,0.86555525470101,0.13444474529898998,253,BA.1,SARS-CoV-2,475
126,0.36740326465517875,0.7198807151478107,0.9509551361595642,0.049044863840435826,171,BA.1,SARS-CoV-2,476
127,0.04045918879168608,0.062397604805676216,0.9936566491879084,0.006343350812091586,53,BA.1,SARS-CoV-2,477
128,0.037024217385568575,0.04483255463846005,0.996002138136722,0.003997861863277996,57,BA.1,SARS-CoV-2,478
129,0.037734771759676475,0.04082903407563538,0.9890164865073385,0.010983513492661467,149,BA.1,SARS-CoV-2,479
130,0.0006144806035156677,0.0009670343545904183,0.9997818142455759,0.00021818575442411614,1,BA.1,SARS-CoV-2,480
131,0.051607012028263434,0.0580110460898814,0.9863587328599368,0.013641267140063196,149,BA.1,SARS-CoV-2,481
132,0.1322506668684681,0.1839496641174405,0.9729838083539938,0.027016191646006216,179,BA.1,SARS-CoV-2,482
133,0.13435179110952103,0.3988571382457874,0.9732931444635742,0.026706855536425822,136,BA.1,SARS-CoV-2,483
134,0.5288302894652519,2.340076456993325,0.8681131300960017,0.13188686990399834,409,BA.1,SARS-CoV-2,484
135,0.4545582077435754,1.1131680991044557,0.9232305138024756,0.07676948619752444,288,BA.1,SARS-CoV-2,485
136,0.11025958333940289,4.0885945604256415,0.8523364967922439,0.14766350320775612,187,BA.1,SARS-CoV-2,486
137,0.5807562199173003,2.3680191511212887,0.8534344782188313,0.14656552178116866,326,BA.1,SARS-CoV-2,487
138,0.3336351618118959,0.7015112567038475,0.9639282797689633,0.036071720231036664,108,BA.1,SARS-CoV-2,489
139,0.33703394921524726,2.358174645963853,0.8406084664482527,0.1593915335517473,480,BA.1,SARS-CoV-2,490
140,0.0018341061518969944,0.0020081721999299397,0.9989442751073742,0.0010557248926258422,15,BA.1,SARS-CoV-2,492
141,0.14502730818116644,0.25260759918643805,0.9800500473572715,0.019949952642728475,96,BA.1,SARS-CoV-2,493
142,0.24719518056156756,0.47265515435299144,0.953572527891616,0.04642747210838405,227,BA.1,SARS-CoV-2,494
143,0.11230004564659624,0.37112474551615493,0.9832628319226849,0.016737168077315068,72,BA.1,SARS-CoV-2,496
144,0.04937756126193264,0.06121585289640448,0.9924125156552365,0.007587484344763529,61,BA.1,SARS-CoV-2,498
145,0.23420299340721204,1.0119813019735557,0.9477686694486858,0.05223133055131424,166,BA.1,SARS-CoV-2,499
146,0.06402119633260193,0.24685360955210192,0.9807500664609039,0.019249933539096098,91,BA.1,SARS-CoV-2,500
147,0.11093350368889832,0.17598441316863084,0.9825182025079464,0.017481797492053586,90,BA.1,SARS-CoV-2,501
148,0.049925042128466116,0.12098693732157988,0.986544445661937,0.013455554338063003,89,BA.1,SARS-CoV-2,503
149,0.023804187741174133,0.09926785072529562,0.989671208607319,0.010328791392680947,54,BA.1,SARS-CoV-2,504
150,0.009189492583559397,0.01408648700777555,0.9975262821692865,0.0024737178307134844,13,BA.1,SARS-CoV-2,505
151,0.03057630565836836,0.056205313071592135,0.9902552068536637,0.00974479314633625,56,BA.1,SARS-CoV-2,506
152,0.002083209042956895,0.0022177782748074503,0.9998576393819784,0.0001423606180216419,3,BA.1,SARS-CoV-2,507
153,0.06375765472782464,0.0895215566583727,0.9811156082771584,0.01888439172284162,125,BA.1,SARS-CoV-2,508
154,0.0019874765703265934,0.0024515185029071666,0.9990751207101155,0.0009248792898844949,6,BA.1,SARS-CoV-2,510
155,0.0006134560700364542,0.0006892048681620648,0.998843362850113,0.0011566371498870076,6,BA.1,SARS-CoV-2,513
156,0.21945054282389384,0.3207895627182929,0.9449347796453612,0.05506522035463879,563,BA.1,SARS-CoV-2,514
157,0.0008440178587496601,0.0009139848224578851,0.9995635725648685,0.0004364274351315034,4,BA.1,SARS-CoV-2,515
158,0.04887415369744239,0.12081569250747048,0.9877675851617743,0.01223241483822568,93,BA.1,SARS-CoV-2,516
159,0.01668878213440947,0.02739909892893358,0.9967257746061166,0.0032742253938834454,28,BA.1,SARS-CoV-2,517
160,0.03330482030315908,0.06733837308166304,0.9912308887862497,0.008769111213750347,76,BA.1,SARS-CoV-2,518
161,0.024727828450711184,0.037658627595078396,0.9907541101199874,0.009245889880012625,86,BA.1,SARS-CoV-2,519
162,0.045717403143652524,0.06030968097515856,0.9902623563341182,0.009737643665881812,98,BA.1,SARS-CoV-2,520
163,0.016834296141644004,0.019484831200862664,0.9960649628310428,0.003935037168957156,37,BA.1,SARS-CoV-2,521
164,0.045277559396470865,0.05690698756796037,0.9944076511564798,0.005592348843520223,63,BA.1,SARS-CoV-2,522
165,0.00017380891250059192,0.00018255751574666225,0.9998722952999729,0.0001277047000270981,3,BA.1,SARS-CoV-2,523
166,0.00025138688382984306,0.00025520492919959924,0.9999904372416192,9.562758380821101e-06,1,BA.1,SARS-CoV-2,524
167,0.04239058233972857,0.06746332263657612,0.9930828463004969,0.006917153699503076,68,BA.1,SARS-CoV-2,525
168,0.05175677412674422,0.07773315494015792,0.9921732875890168,0.007826712410983205,66,BA.1,SARS-CoV-2,526
169,0.006087820883185319,0.007816678157760269,0.9983180703108776,0.0016819296891223967,15,BA.1,SARS-CoV-2,527
170,0.023975175247150694,0.02586023669250462,0.9927106026891113,0.0072893973108887344,93,BA.1,SARS-CoV-2,528
171,0.003157450604270629,0.0035564253863312884,0.9988249257268726,0.0011750742731273522,20,BA.1,SARS-CoV-2,529
172,0.01668954939621532,0.02056858777434592,0.9952557723751162,0.004744227624883801,39,BA.1,SARS-CoV-2,530
173,0.002387781399687796,0.0024669431333758734,0.9989675861925953,0.0010324138074047085,35,BA.1,SARS-CoV-2,531
